year,statefip,state_name,total_population,income_per_capita,unemp_rate
2008,1,Alabama,4718206,42242,5.88
2009,1,Alabama,4757938,41995,10.08
2010,1,Alabama,4785514,41757,10.37
2011,1,Alabama,4799642,41849,9.58
2012,1,Alabama,4816632,41617,8.16
2013,1,Alabama,4831586,41356,7.33
2014,1,Alabama,4843737,42010,6.73
2015,1,Alabama,4854803,43835,6.13
2016,1,Alabama,4866824,43577,5.91
2017,1,Alabama,4877989,44472,4.51
2018,1,Alabama,4891628,46441,3.94
2019,1,Alabama,4907965,47123,3.18
2020,1,Alabama,5031864,50207,6.43
2021,1,Alabama,5050380,52290,3.37
2022,1,Alabama,5073903,50053,2.58
2008,2,Alaska,687455,51624,6.48
2009,2,Alaska,698895,50046,7.98
2010,2,Alaska,713982,53121,8.13
2011,2,Alaska,722349,54738,7.73
2012,2,Alaska,730810,55069,7.25
2013,2,Alaska,737626,53511,6.99
2014,2,Alaska,737075,55466,6.74
2015,2,Alaska,738430,56504,6.28
2016,2,Alaska,742575,54409,6.6
2017,2,Alaska,740983,54005,6.51
2018,2,Alaska,736624,55410,6.04
2019,2,Alaska,733603,56881,5.59
2020,2,Alaska,732964,58532,8.31
2021,2,Alaska,734923,57623,6.43
2022,2,Alaska,733276,58069,4.03
2008,4,Arizona,6280362,38967,5.79
2009,4,Arizona,6343154,36641,9.67
2010,4,Arizona,6407342,37162,10.3
2011,4,Arizona,6473416,38384,9.43
2012,4,Arizona,6556344,39253,8.35
2013,4,Arizona,6634690,39171,7.82
2014,4,Arizona,6732873,40235,6.79
2015,4,Arizona,6832810,41903,6.08
2016,4,Arizona,6944767,42530,5.48
2017,4,Arizona,7048088,44250,4.98
2018,4,Arizona,7164228,45656,4.81
2019,4,Arizona,7291843,47219,4.81
2020,4,Arizona,7186683,50355,7.84
2021,4,Arizona,7272487,53694,5.08
2022,4,Arizona,7365684,50480,3.83
2008,5,Arkansas,2874554,40983,5.44
2009,5,Arkansas,2896843,40970,7.72
2010,5,Arkansas,2921998,40280,7.86
2011,5,Arkansas,2941038,41286,7.91
2012,5,Arkansas,2952876,43016,7.27
2013,5,Arkansas,2960459,42407,7.04
2014,5,Arkansas,2968759,44095,5.9
2015,5,Arkansas,2979732,45429,4.95
2016,5,Arkansas,2991815,45891,3.98
2017,5,Arkansas,3003855,46835,3.74
2018,5,Arkansas,3012161,48479,3.66
2019,5,Arkansas,3020985,48268,3.49
2020,5,Arkansas,3014348,51209,6.2
2021,5,Arkansas,3028443,53390,4.08
2022,5,Arkansas,3046404,52430,3.3
2008,6,California,36604337,43801,7.3
2009,6,California,36961229,42404,11.54
2010,6,California,37319550,43519,12.46
2011,6,California,37636311,44858,11.89
2012,6,California,37944551,46170,10.53
2013,6,California,38253768,45839,9.03
2014,6,California,38586706,47491,7.57
2015,6,California,38904296,50074,6.23
2016,6,California,39149186,51845,5.52
2017,6,California,39337785,52604,4.83
2018,6,California,39437463,53481,4.26
2019,6,California,39437610,55915,4.1
2020,6,California,39503200,60011,10.2
2021,6,California,39145060,63271,7.32
2022,6,California,39040616,59103,4.18
2008,8,Colorado,4889730,46677,4.88
2009,8,Colorado,4972195,44290,7.88
2010,8,Colorado,5047539,44902,9.14
2011,8,Colorado,5121900,45642,8.69
2012,8,Colorado,5193660,46712,8
2013,8,Colorado,5270774,47730,6.75
2014,8,Colorado,5352637,50254,4.98
2015,8,Colorado,5454328,51326,3.74
2016,8,Colorado,5543844,50932,3.13
2017,8,Colorado,5617421,52739,2.61
2018,8,Colorado,5697155,56587,3.05
2019,8,Colorado,5758486,57850,2.67
2020,8,Colorado,5785219,59863,6.77
2021,8,Colorado,5811596,64282,5.46
2022,8,Colorado,5841039,63875,3.02
2008,9,Connecticut,3545579,61514,5.65
2009,9,Connecticut,3561807,60539,8.33
2010,9,Connecticut,3579173,63476,9.56
2011,9,Connecticut,3588632,62986,9.02
2012,9,Connecticut,3595211,62599,8.36
2013,9,Connecticut,3595792,60177,7.95
2014,9,Connecticut,3595697,62124,6.62
2015,9,Connecticut,3588561,63350,5.62
2016,9,Connecticut,3579830,64059,4.87
2017,9,Connecticut,3575324,64665,4.42
2018,9,Connecticut,3574561,68093,3.88
2019,9,Connecticut,3566022,69110,3.61
2020,9,Connecticut,3577586,70544,7.97
2021,9,Connecticut,3603691,72206,6.29
2022,9,Connecticut,3608706,67254,4.16
2008,10,Delaware,883874,45923,5.03
2009,10,Delaware,891730,45268,8.34
2010,10,Delaware,899647,44779,8.66
2011,10,Delaware,907590,47058,7.61
2012,10,Delaware,915518,46587,7.07
2013,10,Delaware,924062,46599,6.61
2014,10,Delaware,933131,46908,5.61
2015,10,Delaware,942065,49657,4.79
2016,10,Delaware,949989,49888,4.53
2017,10,Delaware,957942,50850,4.47
2018,10,Delaware,966985,52109,3.71
2019,10,Delaware,976668,52615,3.59
2020,10,Delaware,991862,55233,7.51
2021,10,Delaware,1004881,55553,5.5
2022,10,Delaware,1019459,55709,4.49
2008,12,Florida,18527305,43264,5.69
2009,12,Florida,18652644,41222,9.56
2010,12,Florida,18846143,42760,10.83
2011,12,Florida,19055607,43276,10
2012,12,Florida,19302016,43193,8.67
2013,12,Florida,19551678,42278,7.53
2014,12,Florida,19853880,43817,6.43
2015,12,Florida,20219111,45696,5.52
2016,12,Florida,20627237,46131,4.92
2017,12,Florida,20977089,48133,4.3
2018,12,Florida,21254926,49932,3.65
2019,12,Florida,21492056,52072,3.25
2020,12,Florida,21591299,53888,8.17
2021,12,Florida,21830708,57193,4.66
2022,12,Florida,22245521,54746,2.9
2008,13,Georgia,9504843,42027,6.78
2009,13,Georgia,9620846,41967,10.41
2010,13,Georgia,9712209,40688,10.66
2011,13,Georgia,9803630,42371,10.16
2012,13,Georgia,9903580,41428,9.04
2013,13,Georgia,9975592,41342,8.14
2014,13,Georgia,10071204,42966,7.14
2015,13,Georgia,10183353,45162,6.08
2016,13,Georgia,10308442,45910,5.47
2017,13,Georgia,10417031,47164,4.76
2018,13,Georgia,10519389,48286,4
2019,13,Georgia,10628020,49770,3.57
2020,13,Georgia,10732390,52197,6.48
2021,13,Georgia,10790385,53954,3.92
2022,13,Georgia,10913150,50954,3.03
2008,15,Hawaii,1332213,42839,4.03
2009,15,Hawaii,1346717,41152,6.66
2010,15,Hawaii,1364004,41970,6.82
2011,15,Hawaii,1379562,42000,6.83
2012,15,Hawaii,1395199,42548,5.9
2013,15,Hawaii,1408822,40543,4.76
2014,15,Hawaii,1415335,42368,4.23
2015,15,Hawaii,1422999,43527,3.42
2016,15,Hawaii,1428885,45057,2.89
2017,15,Hawaii,1425763,45830,2.22
2018,15,Hawaii,1423102,45669,2.41
2019,15,Hawaii,1415615,46700,2.52
2020,15,Hawaii,1451181,48300,11.86
2021,15,Hawaii,1446745,50224,6.02
2022,15,Hawaii,1439399,48095,3.48
2008,16,Idaho,1534320,38633,5.03
2009,16,Idaho,1554439,37037,8.71
2010,16,Idaho,1570819,37925,8.76
2011,16,Idaho,1584272,38351,8.17
2012,16,Idaho,1595910,39456,7.4
2013,16,Idaho,1612053,39856,6.82
2014,16,Idaho,1632248,40851,4.38
2015,16,Idaho,1652495,42395,3.87
2016,16,Idaho,1684036,43501,3.68
2017,16,Idaho,1719745,43698,3.22
2018,16,Idaho,1752074,46334,2.88
2019,16,Idaho,1789060,48080,2.87
2020,16,Idaho,1849339,52322,5.52
2021,16,Idaho,1904537,54349,3.5
2022,16,Idaho,1938996,53199,2.67
2008,17,Illinois,12747038,48415,6.51
2009,17,Illinois,12796778,45573,10.18
2010,17,Illinois,12840545,45785,10.47
2011,17,Illinois,12867783,46627,9.76
2012,17,Illinois,12883029,48180,9.05
2013,17,Illinois,12895778,48736,9.08
2014,17,Illinois,12885092,50192,7.17
2015,17,Illinois,12859585,52739,5.99
2016,17,Illinois,12821709,52593,5.88
2017,17,Illinois,12779893,53025,4.95
2018,17,Illinois,12724685,54882,4.4
2019,17,Illinois,12667017,56211,3.97
2020,17,Illinois,12790357,58848,9.33
2021,17,Illinois,12690341,61090,6.09
2022,17,Illinois,12582515,57654,4.54
2008,18,Indiana,6424806,43045,5.94
2009,18,Indiana,6459325,41599,10.43
2010,18,Indiana,6490555,42305,10.08
2011,18,Indiana,6517250,43988,8.91
2012,18,Indiana,6538989,44694,8.23
2013,18,Indiana,6570575,44364,7.5
2014,18,Indiana,6596019,45290,5.95
2015,18,Indiana,6611442,47431,4.78
2016,18,Indiana,6637898,48119,4.37
2017,18,Indiana,6662068,49155,3.49
2018,18,Indiana,6698481,49297,3.43
2019,18,Indiana,6731010,50349,3.29
2020,18,Indiana,6789098,54014,7.34
2021,18,Indiana,6813798,56596,3.89
2022,18,Indiana,6832274,54811,2.99
2008,19,Iowa,3016734,49431,4.18
2009,19,Iowa,3032870,46716,6.4
2010,19,Iowa,3050819,46319,6.12
2011,19,Iowa,3066772,49065,5.65
2012,19,Iowa,3076844,49603,5.06
2013,19,Iowa,3093935,49444,4.73
2014,19,Iowa,3110643,49950,4.23
2015,19,Iowa,3122541,52197,3.69
2016,19,Iowa,3133210,51997,3.58
2017,19,Iowa,3143734,52520,3.06
2018,19,Iowa,3149900,52149,2.58
2019,19,Iowa,3159596,52319,2.67
2020,19,Iowa,3190904,55518,5.2
2021,19,Iowa,3197944,59451,3.82
2022,19,Iowa,3199693,58769,2.74
2008,20,Kansas,2808076,51282,4.61
2009,20,Kansas,2832704,48299,6.89
2010,20,Kansas,2858266,47376,6.93
2011,20,Kansas,2869677,49879,6.38
2012,20,Kansas,2886024,50983,5.72
2013,20,Kansas,2894306,51541,5.3
2014,20,Kansas,2901861,51212,4.51
2015,20,Kansas,2910717,51652,4.15
2016,20,Kansas,2912977,51703,4.02
2017,20,Kansas,2910892,52843,3.62
2018,20,Kansas,2912748,53374,3.36
2019,20,Kansas,2912635,54358,3.28
2020,20,Kansas,2938124,57114,5.85
2021,20,Kansas,2937946,58997,3.31
2022,20,Kansas,2936716,57958,2.67
2008,21,Kentucky,4289878,41032,6.52
2009,21,Kentucky,4317074,40970,10.77
2010,21,Kentucky,4348464,40634,10.27
2011,21,Kentucky,4370817,41304,9.37
2012,21,Kentucky,4387865,41637,8.2
2013,21,Kentucky,4406906,41149,7.92
2014,21,Kentucky,4416992,42163,6.42
2015,21,Kentucky,4429126,44004,5.23
2016,21,Kentucky,4440306,44229,5.03
2017,21,Kentucky,4455590,44983,4.77
2018,21,Kentucky,4464273,45924,4.2
2019,21,Kentucky,4472345,46924,4.1
2020,21,Kentucky,4508155,50580,6.45
2021,21,Kentucky,4507600,53132,4.43
2022,21,Kentucky,4511563,50138,3.91
2008,22,Louisiana,4435586,47048,4.67
2009,22,Louisiana,4491648,45972,6.79
2010,22,Louisiana,4544635,45712,7.52
2011,22,Louisiana,4576244,45363,7.43
2012,22,Louisiana,4602067,46373,6.77
2013,22,Louisiana,4626040,46138,6.42
2014,22,Louisiana,4645938,46963,6.25
2015,22,Louisiana,4666998,47125,6.29
2016,22,Louisiana,4681346,45906,6.07
2017,22,Louisiana,4673673,47177,5.11
2018,22,Louisiana,4664450,49184,4.83
2019,22,Louisiana,4658285,49923,4.62
2020,22,Louisiana,4652022,52801,8.67
2021,22,Louisiana,4627047,54860,5.6
2022,22,Louisiana,4588023,51925,3.63
2008,23,Maine,1330509,42076,5.4
2009,23,Maine,1329590,42256,8.39
2010,23,Maine,1327651,43057,8.42
2011,23,Maine,1328473,44300,7.73
2012,23,Maine,1328094,43668,7.19
2013,23,Maine,1328543,42448,6.68
2014,23,Maine,1331217,45787,5.56
2015,23,Maine,1329098,46058,4.38
2016,23,Maine,1332348,46350,3.78
2017,23,Maine,1335743,47144,3.36
2018,23,Maine,1340123,47982,3.18
2019,23,Maine,1345770,50609,2.94
2020,23,Maine,1364517,53151,5.12
2021,23,Maine,1378787,55479,4.62
2022,23,Maine,1389338,51855,2.94
2008,24,Maryland,5684965,50561,4.53
2009,24,Maryland,5730388,49375,7.55
2010,24,Maryland,5788784,50625,7.83
2011,24,Maryland,5840241,51131,7.32
2012,24,Maryland,5888375,51763,6.87
2013,24,Maryland,5925197,49966,6.52
2014,24,Maryland,5960064,50717,5.73
2015,24,Maryland,5988528,52493,4.99
2016,24,Maryland,6007014,53818,4.29
2017,24,Maryland,6028186,54699,4
2018,24,Maryland,6042153,55322,3.82
2019,24,Maryland,6054954,56828,3.39
2020,24,Maryland,6173689,58386,6.52
2021,24,Maryland,6175045,59801,5.32
2022,24,Maryland,6163981,57736,3.23
2008,25,Massachusetts,6468967,54461,5.33
2009,25,Massachusetts,6517613,54176,8.08
2010,25,Massachusetts,6566440,55691,8.06
2011,25,Massachusetts,6614218,56417,7.23
2012,25,Massachusetts,6664269,57066,6.7
2013,25,Massachusetts,6715158,56794,6.64
2014,25,Massachusetts,6764864,57340,5.74
2015,25,Massachusetts,6797484,60375,4.79
2016,25,Massachusetts,6827280,59836,4.04
2017,25,Massachusetts,6863560,61749,3.79
2018,25,Massachusetts,6885720,63345,3.47
2019,25,Massachusetts,6894883,65445,3.02
2020,25,Massachusetts,6997713,68032,9.42
2021,25,Massachusetts,6991951,71971,5.52
2022,25,Massachusetts,6982740,66701,3.77
2008,26,Michigan,9946889,41948,8.22
2009,26,Michigan,9901591,40151,13.13
2010,26,Michigan,9877597,40984,12.19
2011,26,Michigan,9883053,42716,10.01
2012,26,Michigan,9898289,43524,9.06
2013,26,Michigan,9914802,43132,8.73
2014,26,Michigan,9932033,44085,7.23
2015,26,Michigan,9934483,47214,5.43
2016,26,Michigan,9954117,48004,5.01
2017,26,Michigan,9976752,48940,4.58
2018,26,Michigan,9987286,48952,4.16
2019,26,Michigan,9984795,49322,4.07
2020,26,Michigan,10070627,53577,10
2021,26,Michigan,10038117,55251,5.85
2022,26,Michigan,10033281,52679,4.21
2008,27,Minnesota,5247018,49860,5.43
2009,27,Minnesota,5281203,46758,7.91
2010,27,Minnesota,5310934,48225,7.39
2011,27,Minnesota,5346620,50075,6.53
2012,27,Minnesota,5377500,51557,5.65
2013,27,Minnesota,5414722,50849,5.04
2014,27,Minnesota,5452665,51753,4.27
2015,27,Minnesota,5484002,54113,3.79
2016,27,Minnesota,5525360,54497,3.87
2017,27,Minnesota,5569283,55762,3.48
2018,27,Minnesota,5608762,55425,3.03
2019,27,Minnesota,5640053,56672,3.25
2020,27,Minnesota,5710578,59982,6.27
2021,27,Minnesota,5717968,62468,3.78
2022,27,Minnesota,5714300,60785,2.67
2008,28,Mississippi,2947806,39184,6.71
2009,28,Mississippi,2958774,39758,9.36
2010,28,Mississippi,2970615,39144,10.08
2011,28,Mississippi,2979147,39422,9.78
2012,28,Mississippi,2984599,40016,8.82
2013,28,Mississippi,2989839,39978,8.49
2014,28,Mississippi,2991892,40144,7.59
2015,28,Mississippi,2990231,40954,6.48
2016,28,Mississippi,2990595,41074,5.97
2017,28,Mississippi,2990674,41757,5.23
2018,28,Mississippi,2982879,42877,4.96
2019,28,Mississippi,2978227,43791,5.53
2020,28,Mississippi,2958409,47589,8.05
2021,28,Mississippi,2949582,49677,5.5
2022,28,Mississippi,2938928,45818,3.91
2008,29,Missouri,5923916,47099,6.22
2009,29,Missouri,5961088,45186,9.02
2010,29,Missouri,5996089,43938,9.51
2011,29,Missouri,6011182,44788,8.64
2012,29,Missouri,6026027,45807,7.19
2013,29,Missouri,6042989,45178,6.77
2014,29,Missouri,6059130,45689,6.15
2015,29,Missouri,6075411,47602,5.11
2016,29,Missouri,6091384,48730,4.55
2017,29,Missouri,6111382,48939,3.74
2018,29,Missouri,6125986,49937,3.24
2019,29,Missouri,6140475,50619,3.21
2020,29,Missouri,6154426,54141,6.19
2021,29,Missouri,6170393,56045,4.08
2022,29,Missouri,6177168,54753,2.49
2008,30,Montana,976415,42420,4.72
2009,30,Montana,983982,41648,7.12
2010,30,Montana,990730,43077,7.18
2011,30,Montana,997518,43679,6.63
2012,30,Montana,1004168,45708,5.8
2013,30,Montana,1014158,45185,5.34
2014,30,Montana,1022657,45340,4.67
2015,30,Montana,1031495,46701,4.29
2016,30,Montana,1042137,47043,4.33
2017,30,Montana,1053862,48257,4.09
2018,30,Montana,1061818,50187,3.75
2019,30,Montana,1070123,50986,3.5
2020,30,Montana,1087211,55822,5.84
2021,30,Montana,1106366,58704,3.38
2022,30,Montana,1122878,58297,2.63
2008,31,Nebraska,1796378,50465,3.26
2009,31,Nebraska,1812683,48959,4.66
2010,31,Nebraska,1829591,49338,4.7
2011,31,Nebraska,1840914,53822,4.4
2012,31,Nebraska,1853691,53224,3.88
2013,31,Nebraska,1865813,52247,3.67
2014,31,Nebraska,1879955,54103,3.25
2015,31,Nebraska,1892059,56086,2.98
2016,31,Nebraska,1906483,54640,3.07
2017,31,Nebraska,1916998,55273,2.97
2018,31,Nebraska,1925512,54975,2.93
2019,31,Nebraska,1932571,55874,3.13
2020,31,Nebraska,1963273,58531,4.31
2021,31,Nebraska,1964253,62680,2.69
2022,31,Nebraska,1968060,61750,2.34
2008,32,Nevada,2653630,42848,6.88
2009,32,Nevada,2684665,39476,11.73
2010,32,Nevada,2702483,40941,13.73
2011,32,Nevada,2713114,40739,13.32
2012,32,Nevada,2744670,41361,11.61
2013,32,Nevada,2776956,41179,9.97
2014,32,Nevada,2818935,42744,8.16
2015,32,Nevada,2868531,45719,6.85
2016,32,Nevada,2919555,46904,5.81
2017,32,Nevada,2972097,47169,4.98
2018,32,Nevada,3030725,50302,4.38
2019,32,Nevada,3090771,50824,4.11
2020,32,Nevada,3115840,53887,13.7
2021,32,Nevada,3146632,58810,6.94
2022,32,Nevada,3177421,55582,5.36
2008,33,New Hampshire,1315906,48279,3.77
2009,33,New Hampshire,1316102,48280,6.14
2010,33,New Hampshire,1316807,49950,6.08
2011,33,New Hampshire,1320444,51172,5.45
2012,33,New Hampshire,1324677,52190,5.47
2013,33,New Hampshire,1327272,51260,5.25
2014,33,New Hampshire,1334257,52478,4.32
2015,33,New Hampshire,1337480,53641,3.39
2016,33,New Hampshire,1343694,53998,2.88
2017,33,New Hampshire,1350395,54856,2.81
2018,33,New Hampshire,1355064,57229,2.63
2019,33,New Hampshire,1360783,59512,2.57
2020,33,New Hampshire,1378702,61785,6.72
2021,33,New Hampshire,1387494,64766,3.4
2022,33,New Hampshire,1399003,59247,2.5
2008,34,New Jersey,8711090,53849,5.45
2009,34,New Jersey,8755602,50491,8.93
2010,34,New Jersey,8799451,51790,9.66
2011,34,New Jersey,8828552,52199,9.38
2012,34,New Jersey,8845671,52513,9.38
2013,34,New Jersey,8857821,52117,8.38
2014,34,New Jersey,8867277,53254,6.73
2015,34,New Jersey,8870312,55187,5.7
2016,34,New Jersey,8873584,55877,4.94
2017,34,New Jersey,8888147,56585,4.53
2018,34,New Jersey,8891730,56760,4.01
2019,34,New Jersey,8891258,58709,3.45
2020,34,New Jersey,9272392,61418,9.45
2021,34,New Jersey,9269175,64046,6.61
2022,34,New Jersey,9260817,61250,3.67
2008,35,New Mexico,2010662,39593,4.3
2009,35,New Mexico,2036802,38605,7.05
2010,35,New Mexico,2064614,39402,7.77
2011,35,New Mexico,2080707,38977,7.22
2012,35,New Mexico,2087715,39187,6.97
2013,35,New Mexico,2092833,38133,6.91
2014,35,New Mexico,2090236,39827,6.59
2015,35,New Mexico,2090071,40734,6.6
2016,35,New Mexico,2092555,41535,6.75
2017,35,New Mexico,2092844,41045,6.04
2018,35,New Mexico,2093754,43916,4.93
2019,35,New Mexico,2099634,44966,4.96
2020,35,New Mexico,2118488,48683,7.93
2021,35,New Mexico,2116950,52357,7.06
2022,35,New Mexico,2113476,49501,4.03
2008,36,New York,19212436,48246,5.41
2009,36,New York,19307066,47526,8.37
2010,36,New York,19399956,48800,8.72
2011,36,New York,19499921,49369,8.36
2012,36,New York,19574362,50801,8.63
2013,36,New York,19626488,50345,7.79
2014,36,New York,19653431,51565,6.29
2015,36,New York,19657321,53135,5.23
2016,36,New York,19636391,54059,4.87
2017,36,New York,19593849,56703,4.63
2018,36,New York,19544098,57543,4.1
2019,36,New York,19463131,58669,3.85
2020,36,New York,20104710,60801,9.85
2021,36,New York,19854526,63666,7.02
2022,36,New York,19673200,60472,4.25
2008,37,North Carolina,9309449,45877,6.21
2009,37,North Carolina,9449566,44344,11.03
2010,37,North Carolina,9574586,42730,10.72
2011,37,North Carolina,9658913,42479,10.23
2012,37,North Carolina,9751810,44045,9.52
2013,37,North Carolina,9846717,42472,7.73
2014,37,North Carolina,9937295,43823,6.11
2015,37,North Carolina,10037218,45797,5.66
2016,37,North Carolina,10161802,46302,5.1
2017,37,North Carolina,10275758,47617,4.52
2018,37,North Carolina,10391358,48656,3.99
2019,37,North Carolina,10501384,50930,3.87
2020,37,North Carolina,10453812,54314,7.27
2021,37,North Carolina,10567100,55605,4.88
2022,37,North Carolina,10695965,53226,3.64
2008,38,North Dakota,657569,53507,3.11
2009,38,North Dakota,664968,51491,3.92
2010,38,North Dakota,674752,54692,3.69
2011,38,North Dakota,685526,58846,3.36
2012,38,North Dakota,702227,64517,2.93
2013,38,North Dakota,723149,61532,2.89
2014,38,North Dakota,738736,63104,2.62
2015,38,North Dakota,755537,59820,2.78
2016,38,North Dakota,756114,57045,3.1
2017,38,North Dakota,756755,58576,2.61
2018,38,North Dakota,760062,59405,2.41
2019,38,North Dakota,763724,58763,2.17
2020,38,North Dakota,779563,63669,4.99
2021,38,North Dakota,777982,66621,3.07
2022,38,North Dakota,778912,68481,2.08
2008,39,Ohio,11515391,44451,6.6
2009,39,Ohio,11528896,42857,10.14
2010,39,Ohio,11539449,43444,10.27
2011,39,Ohio,11545735,45541,8.82
2012,39,Ohio,11550971,45859,7.41
2013,39,Ohio,11579692,45670,7.46
2014,39,Ohio,11606573,46836,5.8
2015,39,Ohio,11622315,48871,4.95
2016,39,Ohio,11640060,49186,5.08
2017,39,Ohio,11665706,50277,4.97
2018,39,Ohio,11680892,50530,4.5
2019,39,Ohio,11696507,51273,4.18
2020,39,Ohio,11798292,55124,8.29
2021,39,Ohio,11765227,56903,5.13
2022,39,Ohio,11759697,54516,4.02
2008,40,Oklahoma,3668976,49104,3.62
2009,40,Oklahoma,3717572,45641,6.56
2010,40,Oklahoma,3760014,45446,6.5
2011,40,Oklahoma,3788824,47134,5.59
2012,40,Oklahoma,3819320,48680,5.12
2013,40,Oklahoma,3853891,49838,5.12
2014,40,Oklahoma,3879187,51540,4.33
2015,40,Oklahoma,3910518,49911,4.29
2016,40,Oklahoma,3928143,46871,4.66
2017,40,Oklahoma,3933602,48368,4.03
2018,40,Oklahoma,3943488,50412,3.29
2019,40,Oklahoma,3960676,52205,3.13
2020,40,Oklahoma,3965234,53706,6.32
2021,40,Oklahoma,3991634,56420,4.02
2022,40,Oklahoma,4019271,54724,3.03
2008,41,Oregon,3768748,42239,6.27
2009,41,Oregon,3808600,39641,10.79
2010,41,Oregon,3837614,40049,10.69
2011,41,Oregon,3872672,40590,9.61
2012,41,Oregon,3900102,40990,8.81
2013,41,Oregon,3924110,41192,7.75
2014,41,Oregon,3965447,43052,6.64
2015,41,Oregon,4018542,44953,5.47
2016,41,Oregon,4093271,46549,4.75
2017,41,Oregon,4147294,46979,4.06
2018,41,Oregon,4183538,47087,4.04
2019,41,Oregon,4216116,48631,3.73
2020,41,Oregon,4245044,52482,7.62
2021,41,Oregon,4256465,54976,5.21
2022,41,Oregon,4239379,50448,4.13
2008,42,Pennsylvania,12612285,46902,5.35
2009,42,Pennsylvania,12666858,45727,7.98
2010,42,Pennsylvania,12711406,47012,8.17
2011,42,Pennsylvania,12747052,48346,7.74
2012,42,Pennsylvania,12769123,49316,7.66
2013,42,Pennsylvania,12779538,49038,7.1
2014,42,Pennsylvania,12792392,50322,5.93
2015,42,Pennsylvania,12789838,51674,5.39
2016,42,Pennsylvania,12788468,52720,5.34
2017,42,Pennsylvania,12794679,52469,4.97
2018,42,Pennsylvania,12809107,54503,4.42
2019,42,Pennsylvania,12798883,55410,4.33
2020,42,Pennsylvania,12995477,59170,8.92
2021,42,Pennsylvania,13013614,61233,6.03
2022,42,Pennsylvania,12972091,57849,4.35
2008,44,Rhode Island,1055003,44835,7.6
2009,44,Rhode Island,1053646,43821,11.39
2010,44,Rhode Island,1053994,46190,11.63
2011,44,Rhode Island,1053829,46973,11.02
2012,44,Rhode Island,1054893,48020,10.22
2013,44,Rhode Island,1055560,46444,9.48
2014,44,Rhode Island,1056511,47874,7.77
2015,44,Rhode Island,1056886,48421,6.02
2016,44,Rhode Island,1057816,48637,5.24
2017,44,Rhode Island,1056554,49320,4.51
2018,44,Rhode Island,1059338,50153,4.03
2019,44,Rhode Island,1058158,52112,3.55
2020,44,Rhode Island,1096444,55605,9.21
2021,44,Rhode Island,1097092,57342,5.51
2022,44,Rhode Island,1093842,52380,3.22
2008,45,South Carolina,4528996,40425,7.29
2009,45,South Carolina,4589872,39578,11.41
2010,45,South Carolina,4635846,39126,11.3
2011,45,South Carolina,4672655,39851,10.45
2012,45,South Carolina,4719027,40611,9.03
2013,45,South Carolina,4766469,40249,7.43
2014,45,South Carolina,4826858,41743,6.27
2015,45,South Carolina,4896006,43675,5.9
2016,45,South Carolina,4963031,44368,4.92
2017,45,South Carolina,5027102,45728,4.2
2018,45,South Carolina,5091702,46621,3.38
2019,45,South Carolina,5157702,48799,2.78
2020,45,South Carolina,5132151,51422,5.98
2021,45,South Carolina,5193848,51875,3.98
2022,45,South Carolina,5282955,49456,3.26
2008,46,South Dakota,799124,53966,3.08
2009,46,South Dakota,807067,51592,4.58
2010,46,South Dakota,816193,51386,4.91
2011,46,South Dakota,823740,55027,4.6
2012,46,South Dakota,833859,52730,4.06
2013,46,South Dakota,842751,52096,3.7
2014,46,South Dakota,849670,53856,3.33
2015,46,South Dakota,854663,56578,3.05
2016,46,South Dakota,863693,56333,3.02
2017,46,South Dakota,873732,56740,3.05
2018,46,South Dakota,879386,55499,2.79
2019,46,South Dakota,887127,57344,2.78
2020,46,South Dakota,887852,62351,4.22
2021,46,South Dakota,896299,66784,2.64
2022,46,South Dakota,909869,66857,2.07
2008,47,Tennessee,6247411,42800,6.52
2009,47,Tennessee,6306019,42858,10.12
2010,47,Tennessee,6355518,42936,9.82
2011,47,Tennessee,6400298,43816,9.11
2012,47,Tennessee,6455752,44341,7.96
2013,47,Tennessee,6496943,43980,7.73
2014,47,Tennessee,6544617,44719,6.6
2015,47,Tennessee,6595354,46540,5.57
2016,47,Tennessee,6651277,46690,4.76
2017,47,Tennessee,6714748,47828,3.75
2018,47,Tennessee,6778180,50874,3.5
2019,47,Tennessee,6830325,51841,3.34
2020,47,Tennessee,6926091,54946,7.53
2021,47,Tennessee,6963709,57819,4.49
2022,47,Tennessee,7048976,54794,3.37
2008,48,Texas,24309039,46111,4.87
2009,48,Texas,24801761,43378,7.54
2010,48,Texas,25241897,44111,8.19
2011,48,Texas,25645504,46689,8.02
2012,48,Texas,26084120,47581,6.71
2013,48,Texas,26479646,47335,6.3
2014,48,Texas,26963092,48987,5.19
2015,48,Texas,27468531,49009,4.48
2016,48,Texas,27914064,47705,4.65
2017,48,Texas,28291024,49944,4.34
2018,48,Texas,28624564,51578,3.9
2019,48,Texas,28986794,52351,3.53
2020,48,Texas,29234361,53456,7.73
2021,48,Texas,29561286,56565,5.65
2022,48,Texas,30029848,55382,3.87
2008,49,Utah,2663029,39101,3.34
2009,49,Utah,2723421,35790,7.26
2010,49,Utah,2775413,36432,7.93
2011,49,Utah,2814797,36776,7.06
2012,49,Utah,2854146,37963,4.77
2013,49,Utah,2898773,38301,4.21
2014,49,Utah,2938327,39622,3.63
2015,49,Utah,2983626,42061,3.51
2016,49,Utah,3044241,43390,3.35
2017,49,Utah,3103540,43710,3.17
2018,49,Utah,3155153,46524,2.92
2019,49,Utah,3203383,47932,2.54
2020,49,Utah,3283982,52063,4.85
2021,49,Utah,3339284,55448,2.76
2022,49,Utah,3381236,54307,2.3
2008,50,Vermont,624151,45363,4.57
2009,50,Vermont,624817,44683,6.17
2010,50,Vermont,625886,46082,6.32
2011,50,Vermont,627197,47570,5.57
2012,50,Vermont,626361,47494,4.82
2013,50,Vermont,626603,47120,4.42
2014,50,Vermont,625693,49298,3.99
2015,50,Vermont,625810,49460,3.53
2016,50,Vermont,624366,50635,3.13
2017,50,Vermont,625132,49930,3.01
2018,50,Vermont,624802,50638,2.48
2019,50,Vermont,624046,52739,2.1
2020,50,Vermont,642936,54402,5.72
2021,50,Vermont,647093,57077,3.7
2022,50,Vermont,647110,53806,2.63
2008,51,Virginia,7833496,49384,4.28
2009,51,Virginia,7925937,48503,6.83
2010,51,Virginia,8024004,48535,7.29
2011,51,Virginia,8102437,49648,6.54
2012,51,Virginia,8187456,50704,5.95
2013,51,Virginia,8255861,48674,5.55
2014,51,Virginia,8315430,49591,5.12
2015,51,Virginia,8367303,51300,4.37
2016,51,Virginia,8417651,52229,4
2017,51,Virginia,8471011,53826,3.67
2018,51,Virginia,8510920,54030,3.01
2019,51,Virginia,8556642,56432,2.76
2020,51,Virginia,8637193,58311,6.51
2021,51,Virginia,8657348,60057,3.88
2022,51,Virginia,8679099,58281,2.83
2008,53,Washington,6562231,47357,5.29
2009,53,Washington,6667426,44859,8.27
2010,53,Washington,6743009,45638,9.13
2011,53,Washington,6827479,46298,8.52
2012,53,Washington,6898599,48625,7.64
2013,53,Washington,6966252,48421,6.63
2014,53,Washington,7057531,49895,5.93
2015,53,Washington,7167287,51713,5.43
2016,53,Washington,7299961,52455,5.23
2017,53,Washington,7427951,52990,4.64
2018,53,Washington,7526793,54841,4.43
2019,53,Washington,7614024,56828,4.23
2020,53,Washington,7724566,60169,8.45
2021,53,Washington,7741433,62680,5.21
2022,53,Washington,7784477,59175,4.18
2008,54,West Virginia,1840310,40351,4.75
2009,54,West Virginia,1847775,41150,8.3
2010,54,West Virginia,1854265,40655,8.63
2011,54,West Virginia,1856606,41704,7.83
2012,54,West Virginia,1857446,41807,7.26
2013,54,West Virginia,1854768,40670,6.72
2014,54,West Virginia,1850569,41592,6.5
2015,54,West Virginia,1843332,42149,6.58
2016,54,West Virginia,1832435,42098,6.09
2017,54,West Virginia,1818683,43731,5.21
2018,54,West Virginia,1805953,45021,5.17
2019,54,West Virginia,1795263,46591,4.93
2020,54,West Virginia,1791562,49453,8.28
2021,54,West Virginia,1785249,49594,5.11
2022,54,West Virginia,1774035,48337,3.92
2008,55,Wisconsin,5640996,46757,4.98
2009,55,Wisconsin,5669264,45576,8.96
2010,55,Wisconsin,5690538,45543,8.5
2011,55,Wisconsin,5705840,47258,7.53
2012,55,Wisconsin,5720825,47869,6.93
2013,55,Wisconsin,5738012,47518,6.64
2014,55,Wisconsin,5753199,48519,5.35
2015,55,Wisconsin,5762927,50674,4.43
2016,55,Wisconsin,5775170,50962,3.91
2017,55,Wisconsin,5793147,51771,3.26
2018,55,Wisconsin,5809319,52805,2.97
2019,55,Wisconsin,5824581,53670,3.17
2020,55,Wisconsin,5896700,57334,6.39
2021,55,Wisconsin,5879978,59557,3.84
2022,55,Wisconsin,5890543,57465,2.93
2008,56,Wyoming,546043,58234,2.93
2009,56,Wyoming,559851,51850,6.26
2010,56,Wyoming,564531,53752,6.94
2011,56,Wyoming,567491,55954,6.13
2012,56,Wyoming,576656,58962,5.5
2013,56,Wyoming,582620,56738,4.73
2014,56,Wyoming,583159,59527,4.34
2015,56,Wyoming,586389,59581,4.21
2016,56,Wyoming,585243,55726,5.33
2017,56,Wyoming,579994,58146,4.33
2018,56,Wyoming,579054,62945,4.06
2019,56,Wyoming,580116,63624,3.72
2020,56,Wyoming,577664,68414,5.9
2021,56,Wyoming,579548,70876,4.62
2022,56,Wyoming,581629,68772,3.57
