year,statefip,state_name,census_region_name,labor_force_participation_rate,employment_rate,hhincome,incwage,poverty_rate,food_stamp_recipiency,homeownership_rate,rental_rate,rent_average_total,attending_school,educ_hs_grad,educ_college_grad,pct_hispanic,pct_white,pct_black,pct_asian,pct_female,pct_married,commute_car,commute_public,commute_time,work_from_home,migrate_no_move,migrate_same_state,migrate_new_state
2018,1,alabama,South,0.567,0.944,77785,42462,0.172,0.160,0.696,0.304,886,0.240,0.689,0.180,0.043,0.677,0.269,0.014,0.516,0.387,0.942,0.000,24.3,0.034,0.850,0.114,0.022
2019,1,alabama,South,0.579,0.952,80900,43336,0.157,0.151,0.711,0.289,907,0.237,0.695,0.187,0.045,0.678,0.269,0.014,0.516,0.390,0.942,0.005,24.5,0.031,0.858,0.108,0.021
2020,1,alabama,South,0.569,0.942,87990,45911,0.148,0.161,0.738,0.262,909,0.231,0.701,0.199,0.045,0.651,0.255,0.014,0.519,0.399,0.895,0.003,23.7,0.083,0.878,0.089,0.020
2021,1,alabama,South,0.579,0.947,84466,46263,0.161,0.174,0.725,0.275,978,0.233,0.700,0.198,0.047,0.650,0.259,0.014,0.515,0.386,0.880,0.002,22.9,0.098,0.873,0.093,0.022
2022,1,alabama,South,0.584,0.956,90667,49310,0.166,0.162,0.730,0.270,1032,0.240,0.712,0.205,0.048,0.650,0.257,0.015,0.515,0.397,0.885,0.003,23.1,0.090,0.868,0.092,0.027
2018,2,alaska,West,0.684,0.931,107104,52025,0.109,0.134,0.690,0.310,1418,0.257,0.708,0.204,0.072,0.642,0.032,0.069,0.485,0.398,0.807,0.001,18.1,0.055,0.824,0.116,0.039
2019,2,alaska,West,0.655,0.944,111945,50769,0.109,0.117,0.674,0.326,1449,0.243,0.716,0.210,0.071,0.652,0.026,0.074,0.483,0.393,0.834,0.009,18.3,0.039,0.841,0.093,0.047
2020,2,alaska,West,0.669,0.916,114201,54107,0.092,0.106,0.714,0.286,1435,0.233,0.717,0.216,0.074,0.584,0.031,0.069,0.474,0.394,0.762,0.006,16.7,0.118,0.844,0.093,0.042
2021,2,alaska,West,0.655,0.940,112133,55772,0.111,0.139,0.724,0.276,1450,0.240,0.709,0.218,0.072,0.592,0.031,0.082,0.474,0.393,0.785,0.007,17.5,0.096,0.864,0.081,0.039
2022,2,alaska,West,0.658,0.958,123977,58665,0.113,0.134,0.706,0.294,1451,0.235,0.718,0.216,0.077,0.598,0.033,0.073,0.471,0.393,0.761,0.018,17.7,0.099,0.838,0.090,0.054
2018,4,arizona,West,0.597,0.947,88502,45429,0.142,0.143,0.655,0.345,1177,0.246,0.694,0.208,0.316,0.779,0.048,0.035,0.503,0.384,0.873,0.001,24.0,0.068,0.820,0.123,0.040
2019,4,arizona,West,0.601,0.951,93689,47000,0.136,0.129,0.663,0.337,1221,0.244,0.698,0.214,0.318,0.783,0.047,0.035,0.502,0.383,0.864,0.017,24.6,0.076,0.828,0.120,0.035
2020,4,arizona,West,0.589,0.934,100109,49952,0.130,0.129,0.694,0.306,1297,0.233,0.711,0.237,0.321,0.606,0.046,0.035,0.501,0.389,0.768,0.012,20.5,0.181,0.838,0.111,0.036
2021,4,arizona,West,0.606,0.943,102777,52597,0.130,0.150,0.693,0.307,1401,0.235,0.710,0.231,0.323,0.583,0.045,0.035,0.501,0.398,0.745,0.009,19.6,0.209,0.844,0.104,0.037
2022,4,arizona,West,0.608,0.958,110521,56117,0.126,0.133,0.694,0.306,1590,0.234,0.717,0.237,0.325,0.578,0.046,0.038,0.501,0.391,0.759,0.008,20.2,0.193,0.852,0.093,0.038
2018,5,arkansas,South,0.579,0.955,74657,41047,0.178,0.132,0.672,0.328,831,0.240,0.685,0.164,0.076,0.764,0.153,0.018,0.511,0.392,0.929,0.000,20.9,0.038,0.847,0.114,0.024
2019,5,arkansas,South,0.584,0.952,77075,41340,0.167,0.121,0.677,0.323,842,0.244,0.686,0.165,0.077,0.768,0.157,0.019,0.512,0.392,0.932,0.004,21.1,0.036,0.844,0.124,0.019
2020,5,arkansas,South,0.572,0.938,81948,44199,0.155,0.146,0.689,0.311,852,0.229,0.696,0.176,0.077,0.709,0.144,0.018,0.509,0.407,0.894,0.003,20.7,0.076,0.864,0.101,0.022
2021,5,arkansas,South,0.586,0.946,81291,45077,0.166,0.134,0.690,0.310,946,0.232,0.695,0.178,0.082,0.699,0.148,0.019,0.506,0.395,0.877,0.001,20.1,0.098,0.854,0.107,0.026
2022,5,arkansas,South,0.579,0.952,85614,47333,0.169,0.123,0.699,0.301,1001,0.230,0.703,0.181,0.084,0.691,0.144,0.020,0.506,0.397,0.885,0.003,20.5,0.083,0.861,0.097,0.027
2018,6,california,West,0.639,0.945,117080,57247,0.130,0.119,0.562,0.438,1707,0.262,0.677,0.244,0.393,0.595,0.058,0.150,0.503,0.377,0.839,0.017,28.4,0.060,0.865,0.104,0.013
2019,6,california,West,0.641,0.949,124543,60015,0.119,0.112,0.564,0.436,1785,0.261,0.680,0.250,0.394,0.595,0.058,0.151,0.503,0.379,0.834,0.051,28.8,0.063,0.871,0.099,0.012
2020,6,california,West,0.629,0.919,130677,61275,0.115,0.134,0.584,0.416,1906,0.253,0.688,0.267,0.396,0.423,0.056,0.155,0.502,0.386,0.735,0.032,23.1,0.189,0.881,0.092,0.011
2021,6,california,West,0.634,0.918,131340,64995,0.124,0.149,0.580,0.420,1987,0.252,0.686,0.259,0.402,0.394,0.055,0.155,0.500,0.379,0.722,0.020,21.7,0.213,0.879,0.094,0.011
2022,6,california,West,0.640,0.948,140462,69088,0.121,0.156,0.584,0.416,2120,0.251,0.693,0.267,0.403,0.389,0.055,0.158,0.499,0.381,0.754,0.026,23.5,0.171,0.880,0.090,0.012
2018,8,colorado,West,0.685,0.961,108473,51971,0.099,0.085,0.678,0.322,1442,0.249,0.725,0.301,0.217,0.840,0.042,0.033,0.497,0.407,0.837,0.007,23.7,0.084,0.813,0.128,0.041
2019,8,colorado,West,0.687,0.963,116643,55549,0.094,0.078,0.690,0.310,1501,0.243,0.732,0.308,0.218,0.839,0.041,0.034,0.495,0.417,0.828,0.030,24.1,0.092,0.817,0.126,0.043
2020,8,colorado,West,0.677,0.936,120482,57216,0.089,0.092,0.704,0.296,1566,0.234,0.739,0.322,0.220,0.718,0.040,0.036,0.495,0.411,0.725,0.019,19.9,0.210,0.834,0.117,0.034
2021,8,colorado,West,0.680,0.948,122866,59985,0.099,0.101,0.705,0.295,1672,0.239,0.739,0.322,0.223,0.706,0.039,0.033,0.493,0.413,0.708,0.012,19.0,0.236,0.826,0.117,0.043
2022,8,colorado,West,0.690,0.965,131775,64377,0.092,0.101,0.706,0.294,1830,0.232,0.748,0.335,0.225,0.703,0.040,0.034,0.493,0.417,0.727,0.016,19.9,0.210,0.827,0.118,0.039
2018,9,connecticut,Northeast,0.659,0.946,128804,62099,0.106,0.116,0.688,0.312,1359,0.248,0.734,0.293,0.165,0.754,0.110,0.047,0.513,0.392,0.860,0.024,25.4,0.057,0.869,0.090,0.025
2019,9,connecticut,Northeast,0.664,0.945,134273,63227,0.103,0.120,0.690,0.310,1370,0.246,0.735,0.297,0.168,0.749,0.110,0.046,0.511,0.392,0.858,0.048,25.6,0.056,0.870,0.087,0.026
2020,9,connecticut,Northeast,0.649,0.928,137963,64745,0.098,0.120,0.712,0.288,1460,0.242,0.748,0.316,0.173,0.680,0.105,0.046,0.512,0.395,0.743,0.033,21.0,0.183,0.882,0.079,0.026
2021,9,connecticut,Northeast,0.656,0.932,137972,66317,0.101,0.129,0.705,0.295,1513,0.244,0.743,0.311,0.176,0.652,0.107,0.048,0.509,0.394,0.736,0.024,20.6,0.197,0.879,0.077,0.030
2022,9,connecticut,Northeast,0.660,0.954,147974,70938,0.099,0.129,0.711,0.289,1625,0.241,0.745,0.315,0.182,0.650,0.105,0.048,0.510,0.392,0.764,0.032,22.6,0.161,0.875,0.067,0.041
2018,10,delaware,South,0.630,0.944,98707,48501,0.124,0.136,0.722,0.278,1221,0.230,0.720,0.227,0.095,0.684,0.224,0.041,0.517,0.390,0.892,0.004,25.1,0.054,0.886,0.065,0.037
2019,10,delaware,South,0.623,0.957,105054,51307,0.110,0.119,0.725,0.275,1221,0.235,0.729,0.248,0.096,0.677,0.225,0.039,0.515,0.397,0.894,0.024,25.3,0.053,0.871,0.080,0.035
2020,10,delaware,South,0.612,0.933,105799,51374,0.109,0.148,0.743,0.257,1231,0.222,0.734,0.254,0.098,0.622,0.213,0.039,0.517,0.383,0.779,0.016,21.6,0.160,0.888,0.067,0.033
2021,10,delaware,South,0.614,0.942,106424,51997,0.114,0.132,0.750,0.250,1347,0.236,0.735,0.256,0.101,0.605,0.210,0.041,0.516,0.398,0.761,0.019,20.5,0.186,0.886,0.058,0.043
2022,10,delaware,South,0.626,0.956,116902,55522,0.089,0.133,0.755,0.245,1413,0.228,0.746,0.269,0.104,0.598,0.218,0.040,0.516,0.406,0.797,0.014,22.3,0.154,0.883,0.059,0.045
2018,11,district of columbia,South,0.708,0.923,148498,76534,0.168,0.182,0.452,0.548,1735,0.246,0.760,0.457,0.113,0.423,0.457,0.039,0.526,0.233,0.387,0.217,29.0,0.062,0.813,0.096,0.065
2019,11,district of columbia,South,0.705,0.935,155677,81142,0.143,0.140,0.459,0.541,1703,0.242,0.769,0.453,0.113,0.421,0.455,0.041,0.524,0.246,0.382,0.345,29.3,0.073,0.796,0.092,0.086
2020,11,district of columbia,South,0.699,0.905,163466,88303,0.140,0.139,0.434,0.566,1969,0.219,0.789,0.487,0.109,0.386,0.431,0.045,0.529,0.249,0.309,0.207,19.0,0.345,0.802,0.100,0.077
2021,11,district of columbia,South,0.707,0.916,159903,91290,0.158,0.190,0.468,0.532,1844,0.238,0.763,0.474,0.114,0.379,0.430,0.041,0.523,0.252,0.292,0.114,14.7,0.475,0.787,0.101,0.088
2022,11,district of columbia,South,0.716,0.949,170446,94522,0.130,0.177,0.451,0.549,2075,0.248,0.775,0.498,0.117,0.385,0.421,0.042,0.525,0.255,0.332,0.185,20.3,0.330,0.767,0.102,0.095
2018,12,florida,South,0.588,0.948,89369,45090,0.137,0.181,0.659,0.341,1335,0.226,0.727,0.227,0.261,0.746,0.160,0.028,0.512,0.383,0.884,0.002,26.4,0.063,0.839,0.114,0.030
2019,12,florida,South,0.593,0.955,93766,46347,0.129,0.155,0.663,0.337,1388,0.224,0.729,0.230,0.264,0.745,0.160,0.028,0.511,0.384,0.873,0.016,26.5,0.070,0.841,0.111,0.029
2020,12,florida,South,0.585,0.937,99545,49051,0.123,0.163,0.687,0.313,1456,0.217,0.741,0.254,0.264,0.585,0.151,0.028,0.511,0.407,0.805,0.012,23.2,0.146,0.851,0.101,0.030
2021,12,florida,South,0.592,0.945,99477,50905,0.132,0.178,0.682,0.318,1519,0.217,0.739,0.250,0.268,0.561,0.151,0.029,0.508,0.398,0.790,0.010,22.6,0.165,0.852,0.102,0.032
2022,12,florida,South,0.596,0.961,108425,55532,0.128,0.153,0.682,0.318,1726,0.215,0.744,0.258,0.271,0.559,0.151,0.029,0.508,0.404,0.786,0.012,23.4,0.165,0.855,0.091,0.034
2018,13,georgia,South,0.631,0.952,92537,48080,0.147,0.149,0.652,0.348,1109,0.264,0.681,0.222,0.097,0.583,0.316,0.043,0.513,0.371,0.887,0.006,27.3,0.059,0.845,0.113,0.027
2019,13,georgia,South,0.632,0.951,96684,49578,0.137,0.140,0.661,0.339,1147,0.262,0.684,0.226,0.098,0.578,0.320,0.041,0.513,0.372,0.877,0.019,27.3,0.069,0.851,0.106,0.027
2020,13,georgia,South,0.621,0.933,100421,51043,0.139,0.159,0.683,0.317,1189,0.252,0.698,0.244,0.097,0.524,0.307,0.044,0.516,0.380,0.796,0.015,23.3,0.157,0.863,0.097,0.025
2021,13,georgia,South,0.629,0.945,101498,52539,0.142,0.155,0.688,0.312,1270,0.255,0.697,0.242,0.100,0.518,0.308,0.044,0.512,0.376,0.782,0.007,22.1,0.183,0.857,0.102,0.028
2022,13,georgia,South,0.640,0.959,108995,55961,0.127,0.163,0.683,0.317,1411,0.255,0.703,0.244,0.104,0.512,0.311,0.045,0.513,0.382,0.797,0.010,23.6,0.162,0.857,0.097,0.030
2018,15,hawaii,West,0.653,0.966,124236,49004,0.095,0.131,0.610,0.390,1868,0.227,0.734,0.243,0.107,0.243,0.019,0.467,0.499,0.409,0.822,0.000,25.9,0.054,0.853,0.089,0.038
2019,15,hawaii,West,0.651,0.965,129307,50390,0.098,0.129,0.631,0.369,1937,0.222,0.741,0.240,0.106,0.239,0.019,0.485,0.498,0.400,0.830,0.050,26.4,0.048,0.858,0.084,0.036
2020,15,hawaii,West,0.638,0.931,136361,51654,0.090,0.157,0.682,0.318,2032,0.211,0.751,0.258,0.110,0.221,0.016,0.465,0.501,0.412,0.776,0.037,22.8,0.106,0.866,0.077,0.035
2021,15,hawaii,West,0.634,0.926,132024,52310,0.108,0.166,0.649,0.351,2089,0.233,0.749,0.266,0.112,0.221,0.018,0.462,0.496,0.412,0.795,0.032,22.4,0.103,0.856,0.076,0.050
2022,15,hawaii,West,0.630,0.966,141506,56524,0.102,0.168,0.650,0.350,2216,0.220,0.753,0.259,0.111,0.222,0.017,0.443,0.497,0.403,0.783,0.036,23.6,0.100,0.870,0.073,0.037
2018,16,idaho,West,0.622,0.956,83928,40448,0.124,0.113,0.727,0.273,964,0.257,0.687,0.185,0.127,0.899,0.007,0.019,0.499,0.426,0.883,0.000,19.5,0.062,0.824,0.116,0.045
2019,16,idaho,West,0.635,0.965,88762,42133,0.113,0.105,0.739,0.261,1054,0.257,0.698,0.198,0.128,0.893,0.007,0.014,0.498,0.431,0.877,0.008,20.0,0.074,0.829,0.112,0.044
2020,16,idaho,West,0.630,0.952,93931,44259,0.101,0.095,0.761,0.239,1071,0.250,0.700,0.214,0.132,0.819,0.006,0.014,0.503,0.448,0.801,0.005,18.6,0.146,0.827,0.116,0.044
2021,16,idaho,West,0.633,0.967,99161,46525,0.113,0.110,0.740,0.260,1217,0.254,0.701,0.211,0.132,0.814,0.008,0.015,0.498,0.440,0.827,0.003,19.0,0.135,0.843,0.089,0.053
2022,16,idaho,West,0.626,0.972,105163,48336,0.102,0.090,0.744,0.256,1338,0.259,0.710,0.220,0.135,0.824,0.006,0.015,0.495,0.439,0.816,0.007,19.2,0.129,0.845,0.097,0.044
2018,17,illinois,Midwest,0.652,0.945,103876,52404,0.122,0.147,0.691,0.309,1183,0.250,0.709,0.254,0.173,0.717,0.141,0.057,0.508,0.389,0.809,0.059,27.9,0.051,0.864,0.103,0.017
2019,17,illinois,Midwest,0.652,0.953,109965,54730,0.116,0.138,0.700,0.300,1194,0.248,0.715,0.261,0.175,0.714,0.141,0.057,0.510,0.385,0.802,0.096,28.0,0.053,0.868,0.102,0.016
2020,17,illinois,Midwest,0.645,0.925,114214,55978,0.111,0.146,0.712,0.288,1275,0.237,0.721,0.274,0.176,0.627,0.136,0.056,0.509,0.391,0.730,0.063,23.1,0.166,0.878,0.093,0.015
2021,17,illinois,Midwest,0.645,0.927,112996,58156,0.121,0.171,0.716,0.284,1304,0.240,0.719,0.271,0.180,0.613,0.136,0.057,0.506,0.388,0.724,0.038,21.7,0.192,0.876,0.095,0.016
2022,17,illinois,Midwest,0.650,0.954,119938,61127,0.121,0.165,0.719,0.281,1403,0.237,0.727,0.276,0.183,0.610,0.135,0.060,0.505,0.387,0.742,0.055,23.5,0.158,0.875,0.091,0.019
2018,18,indiana,Midwest,0.639,0.955,84697,43231,0.135,0.107,0.719,0.281,938,0.248,0.691,0.190,0.071,0.828,0.096,0.024,0.508,0.395,0.919,0.002,23.1,0.038,0.844,0.119,0.021
2019,18,indiana,Midwest,0.640,0.958,89534,44642,0.126,0.101,0.726,0.274,958,0.244,0.698,0.191,0.072,0.828,0.096,0.025,0.507,0.384,0.913,0.009,23.2,0.042,0.853,0.109,0.023
2020,18,indiana,Midwest,0.628,0.946,92100,46309,0.119,0.111,0.753,0.247,970,0.237,0.707,0.206,0.073,0.787,0.091,0.023,0.509,0.400,0.846,0.007,21.2,0.115,0.866,0.103,0.019
2021,18,indiana,Midwest,0.633,0.952,92921,47968,0.123,0.114,0.748,0.252,1027,0.241,0.707,0.206,0.076,0.778,0.089,0.024,0.504,0.397,0.839,0.006,21.0,0.122,0.857,0.104,0.024
2022,18,indiana,Midwest,0.639,0.965,99724,50763,0.126,0.106,0.745,0.255,1133,0.241,0.708,0.210,0.078,0.775,0.094,0.026,0.503,0.402,0.855,0.006,21.5,0.105,0.861,0.102,0.022
2018,19,iowa,Midwest,0.674,0.963,87593,43151,0.116,0.111,0.744,0.256,917,0.248,0.715,0.203,0.061,0.903,0.035,0.028,0.503,0.415,0.895,0.000,18.2,0.052,0.839,0.121,0.026
2019,19,iowa,Midwest,0.668,0.962,92015,44397,0.118,0.109,0.740,0.260,931,0.250,0.724,0.209,0.062,0.900,0.042,0.024,0.504,0.416,0.884,0.012,18.6,0.060,0.856,0.110,0.021
2020,19,iowa,Midwest,0.654,0.954,93365,44761,0.105,0.110,0.770,0.230,938,0.233,0.724,0.211,0.062,0.853,0.040,0.026,0.505,0.417,0.835,0.005,18.1,0.117,0.863,0.103,0.020
2021,19,iowa,Midwest,0.663,0.965,98306,47385,0.113,0.109,0.765,0.235,1000,0.248,0.727,0.215,0.066,0.844,0.037,0.024,0.499,0.415,0.815,0.005,17.1,0.140,0.859,0.107,0.022
2022,19,iowa,Midwest,0.665,0.972,103035,50277,0.111,0.098,0.767,0.233,1052,0.244,0.738,0.233,0.068,0.843,0.038,0.027,0.499,0.420,0.846,0.007,17.5,0.104,0.860,0.103,0.024
2018,20,kansas,Midwest,0.665,0.961,90006,43988,0.127,0.087,0.699,0.301,978,0.262,0.701,0.231,0.120,0.839,0.058,0.029,0.500,0.417,0.913,0.000,19.0,0.046,0.821,0.127,0.033
2019,20,kansas,Midwest,0.662,0.965,92405,45174,0.117,0.086,0.702,0.298,1011,0.258,0.704,0.228,0.122,0.837,0.059,0.029,0.505,0.414,0.915,0.005,18.9,0.050,0.832,0.119,0.035
2020,20,kansas,Midwest,0.656,0.951,97000,46896,0.111,0.080,0.718,0.282,1048,0.248,0.714,0.247,0.123,0.777,0.055,0.031,0.504,0.419,0.832,0.003,17.4,0.129,0.844,0.109,0.031
2021,20,kansas,Midwest,0.651,0.960,97949,48295,0.122,0.089,0.709,0.291,1052,0.256,0.713,0.250,0.127,0.759,0.051,0.031,0.498,0.413,0.824,0.003,16.8,0.137,0.838,0.108,0.036
2022,20,kansas,Midwest,0.656,0.965,104562,50816,0.124,0.078,0.722,0.278,1199,0.254,0.716,0.247,0.130,0.761,0.052,0.031,0.499,0.410,0.835,0.005,17.3,0.120,0.841,0.107,0.038
2018,21,kentucky,South,0.592,0.951,78980,41639,0.172,0.151,0.693,0.307,882,0.233,0.688,0.180,0.036,0.868,0.080,0.015,0.509,0.400,0.920,0.000,22.4,0.039,0.837,0.125,0.024
2019,21,kentucky,South,0.590,0.953,83810,42619,0.164,0.134,0.694,0.306,885,0.231,0.691,0.182,0.038,0.866,0.083,0.017,0.507,0.398,0.912,0.010,23.2,0.042,0.849,0.116,0.022
2020,21,kentucky,South,0.587,0.943,84888,43557,0.150,0.144,0.716,0.284,921,0.226,0.701,0.196,0.038,0.841,0.070,0.015,0.507,0.402,0.845,0.007,21.0,0.112,0.865,0.098,0.023
2021,21,kentucky,South,0.591,0.943,86288,45007,0.167,0.172,0.718,0.282,942,0.230,0.698,0.197,0.039,0.834,0.071,0.016,0.506,0.401,0.849,0.005,21.0,0.114,0.856,0.106,0.024
2022,21,kentucky,South,0.599,0.955,93000,48461,0.170,0.152,0.724,0.276,1020,0.228,0.705,0.202,0.042,0.831,0.077,0.015,0.505,0.403,0.861,0.004,21.5,0.104,0.861,0.099,0.025
2018,22,louisiana,South,0.591,0.938,79173,44101,0.190,0.184,0.672,0.328,959,0.247,0.671,0.170,0.051,0.617,0.323,0.017,0.511,0.352,0.916,0.000,25.3,0.036,0.864,0.105,0.017
2019,22,louisiana,South,0.591,0.946,83009,45060,0.190,0.174,0.683,0.317,974,0.247,0.672,0.177,0.054,0.618,0.324,0.017,0.512,0.344,0.907,0.012,25.7,0.039,0.865,0.105,0.015
2020,22,louisiana,South,0.580,0.914,86720,47382,0.182,0.186,0.706,0.294,981,0.237,0.683,0.195,0.054,0.587,0.316,0.015,0.514,0.356,0.869,0.010,23.4,0.082,0.876,0.093,0.017
2021,22,louisiana,South,0.583,0.923,84716,47376,0.197,0.225,0.692,0.308,1033,0.241,0.681,0.186,0.056,0.579,0.312,0.018,0.510,0.351,0.877,0.006,23.3,0.083,0.862,0.106,0.018
2022,22,louisiana,South,0.595,0.946,88096,48873,0.187,0.219,0.701,0.299,1128,0.245,0.688,0.191,0.057,0.577,0.312,0.018,0.510,0.349,0.870,0.007,23.5,0.081,0.870,0.097,0.017
2018,23,maine,Northeast,0.631,0.962,86847,43042,0.116,0.126,0.762,0.238,988,0.204,0.766,0.235,0.016,0.943,0.014,0.014,0.512,0.421,0.880,0.000,22.6,0.059,0.850,0.110,0.029
2019,23,maine,Northeast,0.623,0.967,89532,43822,0.110,0.125,0.761,0.239,1007,0.203,0.770,0.252,0.018,0.941,0.016,0.012,0.514,0.421,0.878,0.007,22.6,0.064,0.867,0.096,0.026
2020,23,maine,Northeast,0.614,0.950,93962,45265,0.105,0.111,0.795,0.205,1087,0.196,0.777,0.260,0.016,0.916,0.015,0.011,0.508,0.429,0.791,0.005,21.0,0.160,0.880,0.081,0.027
2021,23,maine,Northeast,0.615,0.949,102875,49681,0.122,0.118,0.789,0.211,1115,0.201,0.780,0.275,0.019,0.902,0.015,0.012,0.508,0.437,0.763,0.002,19.9,0.184,0.879,0.081,0.030
2022,23,maine,Northeast,0.616,0.971,105873,52425,0.105,0.119,0.780,0.220,1282,0.198,0.787,0.277,0.021,0.909,0.017,0.010,0.505,0.444,0.784,0.005,21.2,0.152,0.893,0.067,0.029
2018,24,maryland,South,0.677,0.952,125628,59538,0.091,0.114,0.702,0.298,1511,0.253,0.719,0.295,0.104,0.548,0.300,0.064,0.515,0.388,0.833,0.042,31.6,0.051,0.852,0.102,0.027
2019,24,maryland,South,0.676,0.953,129844,61663,0.093,0.116,0.692,0.308,1566,0.250,0.719,0.297,0.106,0.545,0.303,0.064,0.516,0.381,0.827,0.079,31.9,0.055,0.863,0.095,0.024
2020,24,maryland,South,0.658,0.940,137247,64180,0.088,0.123,0.708,0.292,1624,0.244,0.722,0.316,0.110,0.504,0.290,0.066,0.517,0.388,0.705,0.048,24.6,0.211,0.870,0.084,0.029
2021,24,maryland,South,0.667,0.941,135236,66623,0.102,0.155,0.710,0.290,1645,0.246,0.725,0.309,0.111,0.490,0.294,0.067,0.513,0.389,0.692,0.030,22.2,0.241,0.875,0.084,0.026
2022,24,maryland,South,0.670,0.961,140310,68781,0.098,0.139,0.714,0.286,1740,0.245,0.728,0.320,0.114,0.484,0.297,0.065,0.513,0.388,0.728,0.038,24.8,0.196,0.875,0.083,0.023
2018,25,massachusetts,Northeast,0.669,0.952,128779,60819,0.103,0.117,0.662,0.338,1512,0.251,0.740,0.331,0.123,0.774,0.078,0.068,0.514,0.387,0.771,0.069,28.8,0.053,0.867,0.093,0.022
2019,25,massachusetts,Northeast,0.676,0.960,136296,63592,0.095,0.114,0.663,0.337,1565,0.245,0.747,0.336,0.124,0.770,0.079,0.069,0.514,0.389,0.770,0.103,29.5,0.053,0.866,0.094,0.021
2020,25,massachusetts,Northeast,0.659,0.931,144025,66188,0.094,0.131,0.677,0.323,1665,0.236,0.752,0.351,0.126,0.717,0.068,0.071,0.513,0.393,0.655,0.066,22.3,0.216,0.877,0.084,0.023
2021,25,massachusetts,Northeast,0.668,0.933,143629,69180,0.105,0.161,0.678,0.322,1699,0.240,0.747,0.349,0.128,0.692,0.066,0.071,0.512,0.392,0.657,0.045,21.0,0.237,0.866,0.094,0.024
2022,25,massachusetts,Northeast,0.668,0.960,151998,73119,0.105,0.163,0.673,0.327,1862,0.237,0.754,0.353,0.131,0.688,0.071,0.073,0.510,0.391,0.687,0.062,23.3,0.183,0.869,0.086,0.025
2018,26,michigan,Midwest,0.614,0.948,88187,45438,0.144,0.146,0.738,0.262,991,0.240,0.726,0.214,0.051,0.782,0.139,0.033,0.508,0.392,0.908,0.000,23.5,0.041,0.859,0.112,0.014
2019,26,michigan,Midwest,0.619,0.949,93185,46747,0.134,0.136,0.746,0.254,1027,0.238,0.729,0.219,0.053,0.783,0.138,0.033,0.508,0.388,0.908,0.013,23.8,0.044,0.862,0.111,0.013
2020,26,michigan,Midwest,0.602,0.922,97114,48052,0.126,0.149,0.772,0.228,1070,0.225,0.736,0.235,0.053,0.746,0.134,0.033,0.507,0.395,0.814,0.011,21.2,0.142,0.880,0.093,0.014
2021,26,michigan,Midwest,0.606,0.932,97239,49510,0.135,0.162,0.769,0.231,1103,0.229,0.735,0.230,0.056,0.740,0.134,0.032,0.505,0.395,0.796,0.008,19.9,0.165,0.880,0.094,0.013
2022,26,michigan,Midwest,0.618,0.952,102867,52647,0.135,0.155,0.769,0.231,1224,0.229,0.741,0.235,0.057,0.740,0.132,0.033,0.505,0.394,0.818,0.007,20.9,0.137,0.875,0.096,0.016
2018,27,minnesota,Midwest,0.692,0.966,106989,50926,0.100,0.087,0.753,0.247,1144,0.249,0.726,0.265,0.054,0.824,0.067,0.048,0.500,0.417,0.865,0.003,22.3,0.056,0.854,0.110,0.019
2019,27,minnesota,Midwest,0.693,0.969,112827,53605,0.092,0.080,0.758,0.242,1217,0.245,0.726,0.268,0.055,0.820,0.066,0.050,0.503,0.413,0.856,0.033,23.0,0.067,0.857,0.110,0.018
2020,27,minnesota,Midwest,0.680,0.946,115282,53729,0.078,0.076,0.787,0.213,1240,0.239,0.732,0.275,0.056,0.784,0.067,0.048,0.501,0.422,0.747,0.023,19.4,0.191,0.866,0.101,0.018
2021,27,minnesota,Midwest,0.686,0.950,119948,56434,0.091,0.090,0.778,0.222,1288,0.241,0.732,0.277,0.058,0.777,0.069,0.051,0.500,0.414,0.736,0.015,17.5,0.210,0.866,0.104,0.016
2022,27,minnesota,Midwest,0.680,0.967,124376,59788,0.097,0.085,0.773,0.227,1401,0.237,0.740,0.286,0.058,0.772,0.066,0.052,0.497,0.421,0.771,0.017,19.0,0.169,0.865,0.099,0.021
2018,28,mississippi,South,0.565,0.927,69912,38463,0.204,0.177,0.685,0.315,856,0.257,0.669,0.162,0.029,0.581,0.381,0.009,0.516,0.357,0.943,0.000,24.2,0.027,0.866,0.100,0.022
2019,28,mississippi,South,0.572,0.934,73347,39629,0.200,0.161,0.687,0.313,852,0.254,0.667,0.153,0.030,0.581,0.381,0.010,0.518,0.353,0.937,0.003,24.1,0.032,0.869,0.099,0.020
2020,28,mississippi,South,0.568,0.921,76368,41506,0.188,0.166,0.719,0.281,856,0.242,0.682,0.172,0.030,0.568,0.356,0.010,0.517,0.362,0.918,0.002,24.0,0.049,0.879,0.084,0.022
2021,28,mississippi,South,0.565,0.936,75962,41682,0.195,0.168,0.708,0.292,912,0.246,0.681,0.174,0.032,0.561,0.361,0.009,0.514,0.360,0.908,0.002,23.7,0.062,0.884,0.083,0.020
2022,28,mississippi,South,0.573,0.950,80601,44298,0.192,0.168,0.717,0.283,1017,0.244,0.686,0.173,0.033,0.558,0.365,0.009,0.515,0.366,0.912,0.003,24.0,0.056,0.883,0.080,0.023
2018,29,missouri,Midwest,0.625,0.958,85865,44120,0.136,0.125,0.699,0.301,944,0.239,0.713,0.213,0.041,0.822,0.116,0.022,0.510,0.404,0.907,0.001,22.9,0.049,0.843,0.117,0.025
2019,29,missouri,Midwest,0.625,0.962,89386,45692,0.129,0.117,0.705,0.295,962,0.235,0.717,0.218,0.043,0.818,0.116,0.022,0.510,0.402,0.905,0.012,23.2,0.050,0.848,0.114,0.025
2020,29,missouri,Midwest,0.622,0.949,92859,46343,0.125,0.118,0.719,0.281,995,0.229,0.721,0.229,0.042,0.779,0.109,0.021,0.510,0.403,0.829,0.008,20.5,0.131,0.866,0.095,0.024
2021,29,missouri,Midwest,0.631,0.953,96892,49126,0.128,0.119,0.728,0.272,1025,0.236,0.722,0.231,0.046,0.776,0.108,0.021,0.508,0.401,0.814,0.007,19.7,0.149,0.858,0.102,0.027
2022,29,missouri,Midwest,0.630,0.963,99896,51560,0.130,0.116,0.721,0.279,1113,0.232,0.726,0.235,0.048,0.777,0.107,0.022,0.507,0.398,0.833,0.008,20.6,0.128,0.860,0.100,0.026
2018,30,montana,West,0.638,0.964,84242,39468,0.124,0.106,0.704,0.296,963,0.221,0.740,0.224,0.039,0.884,0.004,0.008,0.494,0.418,0.841,0.000,16.7,0.081,0.845,0.102,0.039
2019,30,montana,West,0.633,0.959,88265,40794,0.135,0.111,0.728,0.272,964,0.228,0.746,0.237,0.038,0.879,0.007,0.008,0.498,0.417,0.856,0.011,18.3,0.068,0.825,0.120,0.040
2020,30,montana,West,0.621,0.947,89317,42276,0.130,0.122,0.733,0.267,1069,0.211,0.748,0.245,0.043,0.851,0.004,0.007,0.496,0.421,0.793,0.007,16.6,0.136,0.864,0.092,0.034
2021,30,montana,West,0.619,0.957,98420,47048,0.117,0.095,0.726,0.274,1130,0.222,0.755,0.259,0.043,0.847,0.004,0.009,0.491,0.419,0.802,0.003,16.7,0.138,0.858,0.081,0.045
2022,30,montana,West,0.632,0.967,99036,48350,0.124,0.088,0.730,0.270,1220,0.217,0.747,0.251,0.044,0.849,0.004,0.008,0.494,0.423,0.803,0.006,16.5,0.127,0.857,0.085,0.046
2018,31,nebraska,Midwest,0.689,0.970,90367,43133,0.120,0.104,0.704,0.296,966,0.265,0.702,0.228,0.112,0.861,0.046,0.023,0.503,0.417,0.909,0.000,18.3,0.053,0.836,0.119,0.029
2019,31,nebraska,Midwest,0.694,0.968,93396,44480,0.105,0.091,0.701,0.299,974,0.268,0.708,0.235,0.114,0.861,0.050,0.025,0.501,0.420,0.912,0.007,18.7,0.047,0.838,0.122,0.023
2020,31,nebraska,Midwest,0.675,0.961,100224,46837,0.088,0.075,0.729,0.271,1022,0.260,0.704,0.234,0.115,0.790,0.046,0.028,0.504,0.413,0.841,0.004,17.1,0.116,0.859,0.104,0.022
2021,31,nebraska,Midwest,0.689,0.972,102970,49368,0.104,0.096,0.727,0.273,1063,0.266,0.704,0.244,0.119,0.784,0.045,0.023,0.500,0.416,0.832,0.004,16.8,0.124,0.864,0.101,0.020
2022,31,nebraska,Midwest,0.690,0.976,107546,51029,0.105,0.090,0.709,0.291,1147,0.261,0.717,0.244,0.123,0.783,0.044,0.023,0.499,0.410,0.847,0.004,16.7,0.112,0.860,0.096,0.025
2018,32,nevada,West,0.633,0.944,91000,46374,0.133,0.149,0.590,0.410,1229,0.231,0.695,0.177,0.290,0.633,0.092,0.088,0.499,0.367,0.888,0.000,24.0,0.041,0.822,0.122,0.042
2019,32,nevada,West,0.634,0.949,96329,47550,0.133,0.130,0.586,0.414,1309,0.227,0.700,0.184,0.292,0.645,0.097,0.091,0.500,0.370,0.876,0.030,24.1,0.051,0.814,0.126,0.043
2020,32,nevada,West,0.618,0.907,98891,48364,0.126,0.151,0.608,0.392,1363,0.219,0.703,0.202,0.294,0.512,0.092,0.087,0.499,0.376,0.819,0.027,21.1,0.116,0.846,0.097,0.043
2021,32,nevada,West,0.630,0.904,98735,49728,0.143,0.168,0.612,0.388,1449,0.225,0.703,0.201,0.299,0.494,0.092,0.092,0.496,0.370,0.808,0.021,21.5,0.127,0.847,0.097,0.042
2022,32,nevada,West,0.632,0.945,107172,52708,0.127,0.170,0.619,0.381,1659,0.220,0.712,0.197,0.303,0.492,0.094,0.096,0.497,0.371,0.812,0.022,21.6,0.121,0.858,0.087,0.039
2018,33,new hampshire,Northeast,0.670,0.966,113267,52210,0.075,0.076,0.754,0.246,1242,0.221,0.763,0.279,0.039,0.925,0.015,0.029,0.505,0.430,0.882,0.002,25.9,0.069,0.858,0.091,0.038
2019,33,new hampshire,Northeast,0.665,0.970,115800,54163,0.077,0.066,0.762,0.238,1302,0.222,0.766,0.286,0.040,0.926,0.016,0.027,0.506,0.429,0.880,0.010,26.1,0.073,0.865,0.086,0.036
2020,33,new hampshire,Northeast,0.655,0.947,122875,56340,0.073,0.061,0.776,0.224,1362,0.212,0.778,0.308,0.041,0.891,0.018,0.024,0.503,0.443,0.802,0.005,22.6,0.161,0.868,0.075,0.047
2021,33,new hampshire,Northeast,0.665,0.962,127246,59974,0.072,0.070,0.768,0.232,1412,0.210,0.780,0.305,0.043,0.882,0.014,0.027,0.500,0.437,0.765,0.003,21.0,0.199,0.874,0.077,0.039
2022,33,new hampshire,Northeast,0.661,0.972,133910,63758,0.070,0.080,0.764,0.236,1598,0.200,0.784,0.314,0.045,0.875,0.015,0.027,0.502,0.436,0.784,0.002,22.2,0.177,0.889,0.063,0.037
2018,34,new jersey,Northeast,0.660,0.953,131977,63882,0.097,0.093,0.670,0.330,1512,0.246,0.719,0.297,0.206,0.668,0.137,0.098,0.512,0.407,0.792,0.054,31.0,0.045,0.883,0.081,0.018
2019,34,new jersey,Northeast,0.660,0.955,137184,66121,0.093,0.086,0.664,0.336,1556,0.247,0.723,0.303,0.209,0.671,0.135,0.096,0.511,0.408,0.788,0.113,31.5,0.048,0.890,0.076,0.017
2020,34,new jersey,Northeast,0.653,0.918,139715,66486,0.097,0.096,0.672,0.328,1615,0.240,0.728,0.318,0.211,0.567,0.129,0.098,0.511,0.402,0.694,0.068,24.1,0.192,0.888,0.073,0.022
2021,34,new jersey,Northeast,0.656,0.920,141434,69288,0.104,0.107,0.678,0.322,1657,0.241,0.729,0.319,0.215,0.546,0.130,0.100,0.508,0.410,0.670,0.057,22.3,0.222,0.885,0.078,0.021
2022,34,new jersey,Northeast,0.661,0.950,150306,72964,0.097,0.116,0.683,0.317,1777,0.242,0.730,0.322,0.219,0.541,0.126,0.101,0.507,0.406,0.699,0.077,25.3,0.166,0.895,0.069,0.019
2018,35,new mexico,West,0.565,0.940,73523,39810,0.204,0.215,0.683,0.317,941,0.247,0.671,0.191,0.491,0.763,0.022,0.017,0.504,0.360,0.906,0.001,21.7,0.049,0.849,0.104,0.031
2019,35,new mexico,West,0.583,0.949,79729,42403,0.179,0.199,0.694,0.306,974,0.249,0.681,0.199,0.493,0.738,0.023,0.018,0.506,0.347,0.900,0.011,21.5,0.051,0.862,0.095,0.027
2020,35,new mexico,West,0.557,0.920,81280,44490,0.180,0.214,0.744,0.256,973,0.236,0.704,0.216,0.490,0.492,0.019,0.014,0.507,0.367,0.836,0.005,20.5,0.126,0.867,0.083,0.034
2021,35,new mexico,West,0.569,0.922,83273,45595,0.189,0.271,0.723,0.277,1050,0.234,0.691,0.214,0.501,0.451,0.021,0.016,0.504,0.366,0.811,0.004,19.8,0.150,0.863,0.089,0.034
2022,35,new mexico,West,0.587,0.954,91591,48648,0.181,0.245,0.744,0.256,1147,0.237,0.704,0.217,0.501,0.463,0.020,0.018,0.504,0.353,0.836,0.007,21.0,0.118,0.875,0.079,0.031
2018,36,new york,Northeast,0.629,0.951,114868,58596,0.139,0.160,0.570,0.430,1501,0.240,0.711,0.277,0.192,0.633,0.157,0.086,0.515,0.374,0.594,0.224,32.4,0.046,0.886,0.083,0.014
2019,36,new york,Northeast,0.636,0.955,124860,62186,0.131,0.150,0.572,0.428,1545,0.236,0.717,0.283,0.193,0.633,0.158,0.086,0.514,0.372,0.589,0.276,32.3,0.048,0.883,0.086,0.013
2020,36,new york,Northeast,0.615,0.918,126452,61993,0.128,0.155,0.591,0.409,1672,0.231,0.721,0.295,0.194,0.564,0.143,0.089,0.514,0.372,0.552,0.192,26.5,0.177,0.895,0.076,0.013
2021,36,new york,Northeast,0.627,0.912,125851,64418,0.140,0.166,0.591,0.409,1705,0.233,0.723,0.298,0.195,0.555,0.142,0.088,0.511,0.368,0.552,0.171,25.2,0.196,0.887,0.084,0.014
2022,36,new york,Northeast,0.629,0.950,133970,68869,0.141,0.185,0.582,0.418,1818,0.233,0.726,0.301,0.197,0.553,0.144,0.091,0.511,0.373,0.557,0.213,28.2,0.144,0.887,0.081,0.015
2018,37,north carolina,South,0.625,0.952,85840,44851,0.144,0.143,0.668,0.332,1015,0.243,0.700,0.229,0.096,0.682,0.214,0.030,0.514,0.395,0.901,0.001,23.2,0.060,0.840,0.114,0.030
2019,37,north carolina,South,0.624,0.955,89869,46487,0.138,0.137,0.671,0.329,1040,0.244,0.705,0.231,0.098,0.681,0.215,0.030,0.514,0.393,0.889,0.011,24.0,0.068,0.843,0.111,0.029
2020,37,north carolina,South,0.614,0.937,94195,48244,0.132,0.139,0.696,0.304,1087,0.233,0.720,0.251,0.099,0.635,0.205,0.030,0.515,0.403,0.804,0.009,20.8,0.157,0.863,0.092,0.030
2021,37,north carolina,South,0.622,0.944,96592,51178,0.138,0.170,0.693,0.307,1151,0.239,0.714,0.253,0.101,0.625,0.201,0.031,0.511,0.398,0.776,0.005,19.9,0.189,0.857,0.097,0.032
2022,37,north carolina,South,0.628,0.962,103661,54568,0.131,0.161,0.699,0.301,1297,0.232,0.722,0.260,0.104,0.622,0.205,0.033,0.511,0.408,0.797,0.005,20.9,0.168,0.863,0.089,0.032
2018,38,north dakota,Midwest,0.698,0.974,98132,46664,0.102,0.078,0.677,0.323,931,0.248,0.728,0.202,0.035,0.858,0.033,0.020,0.487,0.416,0.915,0.000,16.6,0.035,0.818,0.105,0.057
2019,38,north dakota,Midwest,0.710,0.978,101358,46384,0.111,0.078,0.665,0.335,940,0.243,0.723,0.209,0.040,0.859,0.028,0.018,0.491,0.421,0.904,0.008,17.1,0.040,0.796,0.132,0.047
2020,38,north dakota,Midwest,0.694,0.963,100305,45284,0.110,0.079,0.716,0.284,954,0.245,0.715,0.230,0.041,0.829,0.034,0.018,0.488,0.403,0.855,0.004,18.4,0.088,0.849,0.106,0.029
2021,38,north dakota,Midwest,0.688,0.976,100044,47569,0.098,0.076,0.690,0.310,1004,0.249,0.729,0.223,0.041,0.834,0.029,0.018,0.484,0.414,0.862,0.002,15.8,0.095,0.821,0.113,0.051
2022,38,north dakota,Midwest,0.684,0.981,112193,50409,0.112,0.058,0.700,0.300,1076,0.251,0.733,0.225,0.044,0.833,0.028,0.017,0.487,0.426,0.863,0.002,16.4,0.084,0.841,0.107,0.037
2018,39,ohio,Midwest,0.633,0.950,88531,45188,0.143,0.140,0.689,0.311,921,0.238,0.717,0.208,0.039,0.810,0.124,0.024,0.509,0.382,0.907,0.000,22.6,0.043,0.848,0.121,0.017
2019,39,ohio,Midwest,0.635,0.954,91929,46407,0.133,0.134,0.693,0.307,940,0.236,0.720,0.212,0.040,0.809,0.125,0.023,0.509,0.384,0.902,0.016,23.2,0.047,0.845,0.121,0.019
2020,39,ohio,Midwest,0.617,0.937,95711,47651,0.129,0.139,0.717,0.283,972,0.227,0.727,0.223,0.041,0.781,0.116,0.023,0.511,0.390,0.823,0.010,20.3,0.133,0.872,0.099,0.015
2021,39,ohio,Midwest,0.627,0.946,96236,49320,0.135,0.148,0.707,0.293,1011,0.231,0.726,0.222,0.043,0.773,0.119,0.025,0.507,0.388,0.810,0.008,19.6,0.149,0.869,0.102,0.016
2022,39,ohio,Midwest,0.632,0.963,102549,52859,0.136,0.142,0.715,0.285,1112,0.229,0.731,0.234,0.044,0.771,0.121,0.025,0.506,0.390,0.825,0.010,20.6,0.131,0.872,0.097,0.017
2018,40,oklahoma,South,0.616,0.957,80647,42061,0.158,0.148,0.665,0.335,931,0.257,0.680,0.178,0.109,0.719,0.073,0.021,0.506,0.393,0.922,0.000,21.4,0.041,0.817,0.141,0.027
2019,40,oklahoma,South,0.611,0.956,85387,44973,0.156,0.151,0.670,0.330,923,0.254,0.683,0.181,0.111,0.723,0.072,0.022,0.505,0.385,0.924,0.004,21.7,0.044,0.823,0.135,0.027
2020,40,oklahoma,South,0.600,0.943,84528,43925,0.150,0.155,0.708,0.292,940,0.241,0.694,0.188,0.116,0.670,0.072,0.024,0.505,0.400,0.873,0.003,20.3,0.096,0.849,0.110,0.026
2021,40,oklahoma,South,0.610,0.940,84485,44558,0.157,0.175,0.679,0.321,982,0.248,0.689,0.196,0.117,0.656,0.071,0.024,0.501,0.395,0.856,0.002,19.6,0.107,0.840,0.118,0.028
2022,40,oklahoma,South,0.609,0.958,91494,47723,0.157,0.176,0.684,0.316,1107,0.245,0.695,0.197,0.121,0.651,0.069,0.025,0.502,0.397,0.871,0.002,20.8,0.096,0.846,0.109,0.028
2018,41,oregon,West,0.624,0.953,97179,47845,0.124,0.177,0.649,0.351,1272,0.229,0.729,0.251,0.133,0.838,0.020,0.049,0.504,0.415,0.815,0.004,21.9,0.076,0.822,0.129,0.035
2019,41,oregon,West,0.625,0.951,100818,49080,0.118,0.154,0.659,0.341,1330,0.224,0.738,0.252,0.135,0.833,0.019,0.050,0.505,0.402,0.809,0.046,22.4,0.073,0.837,0.119,0.032
2020,41,oregon,West,0.616,0.927,107684,51866,0.109,0.171,0.674,0.326,1385,0.217,0.749,0.271,0.134,0.762,0.017,0.049,0.505,0.409,0.728,0.026,18.8,0.184,0.848,0.108,0.030
2021,41,oregon,West,0.615,0.936,107428,54031,0.125,0.195,0.674,0.326,1437,0.216,0.747,0.270,0.141,0.745,0.020,0.049,0.500,0.405,0.705,0.017,17.5,0.227,0.845,0.111,0.031
2022,41,oregon,West,0.626,0.957,116985,57266,0.120,0.184,0.661,0.339,1547,0.215,0.750,0.273,0.144,0.747,0.019,0.049,0.499,0.400,0.726,0.021,18.5,0.190,0.846,0.109,0.030
2018,42,pennsylvania,Northeast,0.629,0.951,96445,48245,0.125,0.151,0.720,0.280,1086,0.229,0.734,0.235,0.076,0.801,0.111,0.036,0.510,0.399,0.845,0.018,25.9,0.050,0.867,0.099,0.021
2019,42,pennsylvania,Northeast,0.629,0.953,101435,50242,0.123,0.153,0.721,0.279,1106,0.226,0.735,0.241,0.078,0.796,0.113,0.036,0.511,0.393,0.836,0.057,26.4,0.054,0.866,0.098,0.022
2020,42,pennsylvania,Northeast,0.618,0.932,105235,51459,0.110,0.147,0.736,0.264,1169,0.219,0.738,0.253,0.082,0.758,0.106,0.035,0.510,0.400,0.747,0.038,22.1,0.163,0.884,0.085,0.018
2021,42,pennsylvania,Northeast,0.626,0.937,106898,54252,0.122,0.160,0.740,0.260,1201,0.221,0.741,0.257,0.083,0.749,0.103,0.037,0.506,0.400,0.738,0.028,20.9,0.188,0.883,0.083,0.021
2022,42,pennsylvania,Northeast,0.628,0.958,113788,56948,0.120,0.157,0.736,0.264,1311,0.224,0.749,0.261,0.086,0.744,0.104,0.038,0.507,0.401,0.762,0.033,22.4,0.154,0.884,0.081,0.021
2018,44,rhode island,Northeast,0.643,0.941,100237,49276,0.129,0.162,0.654,0.346,1118,0.229,0.735,0.257,0.160,0.809,0.067,0.036,0.513,0.354,0.896,0.006,23.9,0.038,0.880,0.072,0.032
2019,44,rhode island,Northeast,0.653,0.960,106574,50076,0.109,0.155,0.662,0.338,1148,0.241,0.738,0.260,0.164,0.785,0.077,0.035,0.512,0.364,0.878,0.030,24.5,0.044,0.874,0.078,0.035
2020,44,rhode island,Northeast,0.639,0.920,112187,53116,0.100,0.143,0.681,0.319,1225,0.234,0.745,0.281,0.166,0.722,0.064,0.038,0.512,0.381,0.820,0.016,22.4,0.117,0.889,0.067,0.027
2021,44,rhode island,Northeast,0.654,0.923,113164,53878,0.117,0.155,0.674,0.326,1281,0.239,0.739,0.274,0.171,0.710,0.050,0.033,0.511,0.378,0.774,0.011,20.5,0.172,0.873,0.071,0.040
2022,44,rhode island,Northeast,0.646,0.954,120658,58520,0.110,0.134,0.683,0.317,1424,0.239,0.752,0.299,0.176,0.706,0.055,0.035,0.509,0.375,0.805,0.014,22.2,0.134,0.883,0.064,0.036
2018,45,south carolina,South,0.603,0.950,80918,42287,0.153,0.145,0.701,0.299,1005,0.236,0.703,0.202,0.058,0.671,0.267,0.016,0.514,0.380,0.909,0.001,23.9,0.050,0.849,0.100,0.037
2019,45,south carolina,South,0.602,0.953,87224,44279,0.139,0.126,0.715,0.285,1044,0.229,0.708,0.213,0.058,0.667,0.265,0.019,0.518,0.388,0.908,0.005,24.6,0.052,0.858,0.093,0.035
2020,45,south carolina,South,0.589,0.939,91232,45470,0.142,0.120,0.731,0.269,1079,0.227,0.719,0.230,0.057,0.642,0.250,0.015,0.516,0.404,0.863,0.003,22.4,0.102,0.863,0.090,0.033
2021,45,south carolina,South,0.595,0.945,89176,47035,0.150,0.140,0.735,0.265,1109,0.227,0.719,0.229,0.063,0.636,0.250,0.017,0.514,0.394,0.847,0.003,22.6,0.118,0.857,0.092,0.038
2022,45,south carolina,South,0.606,0.957,97331,50863,0.142,0.133,0.743,0.257,1238,0.227,0.730,0.238,0.065,0.637,0.250,0.018,0.513,0.408,0.849,0.003,22.6,0.115,0.856,0.088,0.042
2018,46,south dakota,Midwest,0.682,0.965,82390,37952,0.138,0.100,0.705,0.295,853,0.249,0.700,0.201,0.039,0.839,0.023,0.013,0.497,0.405,0.894,0.000,16.2,0.058,0.830,0.120,0.034
2019,46,south dakota,Midwest,0.676,0.967,88186,41750,0.114,0.112,0.732,0.268,851,0.244,0.704,0.210,0.038,0.844,0.023,0.014,0.493,0.422,0.890,0.003,16.9,0.065,0.837,0.117,0.031
2020,46,south dakota,Midwest,0.674,0.963,93262,42999,0.122,0.116,0.742,0.258,830,0.244,0.699,0.201,0.040,0.798,0.022,0.012,0.497,0.404,0.836,0.003,15.9,0.107,0.874,0.090,0.021
2021,46,south dakota,Midwest,0.664,0.973,99026,48077,0.129,0.104,0.718,0.282,923,0.251,0.713,0.217,0.042,0.806,0.021,0.016,0.491,0.406,0.842,0.002,14.7,0.107,0.844,0.110,0.032
2022,46,south dakota,Midwest,0.659,0.974,100983,48920,0.119,0.098,0.746,0.254,1008,0.241,0.715,0.227,0.046,0.810,0.020,0.015,0.493,0.412,0.866,0.004,16.0,0.091,0.847,0.099,0.036
2018,47,tennessee,South,0.615,0.945,82008,43103,0.158,0.164,0.681,0.319,981,0.234,0.697,0.197,0.055,0.774,0.169,0.018,0.512,0.396,0.920,0.000,24.1,0.049,0.842,0.112,0.031
2019,47,tennessee,South,0.618,0.954,88683,45886,0.142,0.138,0.686,0.314,1032,0.230,0.702,0.208,0.057,0.772,0.167,0.019,0.512,0.402,0.909,0.006,24.5,0.057,0.846,0.111,0.030
2020,47,tennessee,South,0.612,0.935,91092,46820,0.137,0.140,0.700,0.300,1073,0.218,0.717,0.225,0.055,0.736,0.152,0.020,0.512,0.404,0.850,0.005,22.0,0.123,0.858,0.098,0.030
2021,47,tennessee,South,0.613,0.948,92831,49014,0.139,0.149,0.697,0.303,1132,0.226,0.715,0.222,0.060,0.730,0.154,0.018,0.510,0.400,0.832,0.004,21.7,0.141,0.854,0.101,0.031
2022,47,tennessee,South,0.624,0.965,98145,51784,0.137,0.138,0.697,0.303,1271,0.225,0.722,0.225,0.063,0.731,0.155,0.020,0.509,0.403,0.835,0.003,22.0,0.134,0.861,0.092,0.032
2018,48,texas,South,0.646,0.951,93730,48714,0.151,0.157,0.649,0.351,1172,0.269,0.640,0.204,0.396,0.735,0.123,0.050,0.503,0.379,0.905,0.001,25.2,0.052,0.836,0.125,0.020
2019,48,texas,South,0.651,0.956,98659,50285,0.138,0.141,0.651,0.349,1222,0.268,0.648,0.209,0.398,0.733,0.123,0.051,0.504,0.381,0.898,0.014,25.7,0.057,0.841,0.120,0.020
2020,48,texas,South,0.643,0.933,103478,51898,0.135,0.144,0.674,0.326,1254,0.262,0.660,0.228,0.399,0.513,0.115,0.051,0.503,0.392,0.810,0.010,21.9,0.149,0.852,0.113,0.018
2021,48,texas,South,0.646,0.939,101966,53684,0.145,0.160,0.667,0.333,1312,0.261,0.657,0.227,0.402,0.479,0.120,0.053,0.501,0.394,0.798,0.007,21.7,0.163,0.850,0.112,0.020
2022,48,texas,South,0.655,0.957,109930,56971,0.141,0.156,0.671,0.329,1456,0.260,0.666,0.233,0.402,0.476,0.121,0.055,0.500,0.392,0.811,0.008,22.8,0.146,0.846,0.112,0.022
2018,49,utah,West,0.681,0.968,103079,44990,0.090,0.078,0.737,0.263,1209,0.319,0.665,0.216,0.142,0.859,0.013,0.031,0.496,0.421,0.868,0.006,20.4,0.070,0.818,0.125,0.034
2019,49,utah,West,0.695,0.970,109162,47348,0.095,0.065,0.749,0.251,1236,0.317,0.673,0.218,0.144,0.875,0.011,0.031,0.498,0.421,0.863,0.026,20.9,0.075,0.833,0.119,0.030
2020,49,utah,West,0.686,0.958,115742,48525,0.071,0.074,0.760,0.240,1287,0.306,0.681,0.229,0.144,0.803,0.015,0.033,0.496,0.422,0.768,0.018,17.6,0.182,0.851,0.104,0.027
2021,49,utah,West,0.687,0.965,120681,51620,0.084,0.064,0.746,0.254,1383,0.304,0.679,0.227,0.148,0.790,0.012,0.033,0.492,0.423,0.756,0.012,17.2,0.198,0.846,0.105,0.031
2022,49,utah,West,0.700,0.974,127242,54895,0.082,0.066,0.754,0.246,1562,0.301,0.689,0.242,0.151,0.790,0.011,0.036,0.492,0.428,0.771,0.015,17.8,0.180,0.846,0.108,0.027
2018,50,vermont,Northeast,0.663,0.966,91936,42741,0.114,0.095,0.741,0.259,1143,0.227,0.772,0.295,0.019,0.942,0.011,0.020,0.505,0.409,0.833,0.001,22.6,0.074,0.860,0.090,0.040
2019,50,vermont,Northeast,0.659,0.964,96777,43954,0.102,0.106,0.749,0.251,1156,0.231,0.772,0.292,0.020,0.937,0.015,0.016,0.504,0.409,0.853,0.015,22.6,0.073,0.873,0.084,0.030
2020,50,vermont,Northeast,0.641,0.947,99093,45041,0.104,0.115,0.764,0.236,1284,0.226,0.770,0.302,0.017,0.907,0.016,0.020,0.494,0.403,0.759,0.005,19.3,0.187,0.858,0.079,0.048
2021,50,vermont,Northeast,0.626,0.960,106106,49081,0.107,0.098,0.766,0.234,1275,0.223,0.783,0.329,0.021,0.909,0.012,0.019,0.504,0.425,0.748,0.006,18.0,0.193,0.872,0.069,0.048
2022,50,vermont,Northeast,0.654,0.972,110594,50786,0.101,0.102,0.787,0.213,1398,0.213,0.785,0.336,0.023,0.907,0.010,0.017,0.504,0.420,0.766,0.007,19.1,0.162,0.870,0.078,0.036
2018,51,virginia,South,0.655,0.960,114436,55444,0.109,0.097,0.676,0.324,1425,0.250,0.716,0.283,0.096,0.674,0.192,0.066,0.508,0.402,0.861,0.023,27.1,0.056,0.841,0.108,0.033
2019,51,virginia,South,0.661,0.961,118752,56639,0.099,0.093,0.687,0.313,1439,0.248,0.719,0.286,0.097,0.670,0.195,0.067,0.508,0.405,0.855,0.043,27.2,0.060,0.844,0.105,0.032
2020,51,virginia,South,0.651,0.944,125277,59477,0.095,0.103,0.697,0.303,1503,0.239,0.731,0.305,0.098,0.616,0.187,0.068,0.510,0.411,0.741,0.027,22.0,0.194,0.859,0.096,0.029
2021,51,virginia,South,0.652,0.954,125147,61755,0.105,0.106,0.709,0.291,1543,0.241,0.729,0.301,0.102,0.607,0.183,0.068,0.505,0.406,0.726,0.014,20.5,0.223,0.855,0.098,0.032
2022,51,virginia,South,0.653,0.966,132861,65287,0.107,0.114,0.705,0.295,1665,0.240,0.733,0.306,0.104,0.602,0.187,0.070,0.505,0.409,0.759,0.019,22.2,0.182,0.860,0.092,0.031
2018,53,washington,West,0.646,0.957,111658,56610,0.106,0.135,0.655,0.345,1487,0.235,0.727,0.264,0.129,0.747,0.039,0.095,0.500,0.417,0.809,0.007,26.5,0.065,0.810,0.137,0.034
2019,53,washington,West,0.654,0.955,119032,59269,0.099,0.126,0.660,0.340,1528,0.233,0.726,0.267,0.130,0.743,0.041,0.095,0.500,0.410,0.809,0.068,26.9,0.064,0.824,0.127,0.030
2020,53,washington,West,0.634,0.940,127064,62295,0.096,0.131,0.677,0.323,1619,0.225,0.735,0.279,0.133,0.679,0.039,0.100,0.499,0.415,0.706,0.033,21.1,0.208,0.848,0.109,0.027
2021,53,washington,West,0.639,0.941,128877,66696,0.103,0.156,0.678,0.322,1682,0.227,0.736,0.285,0.137,0.665,0.040,0.101,0.496,0.415,0.689,0.020,19.7,0.244,0.836,0.118,0.029
2022,53,washington,West,0.648,0.960,138962,71571,0.102,0.140,0.682,0.318,1847,0.225,0.740,0.292,0.140,0.658,0.040,0.104,0.495,0.416,0.714,0.030,20.9,0.203,0.845,0.106,0.033
2018,54,west virginia,South,0.533,0.939,71681,40239,0.180,0.186,0.745,0.255,857,0.208,0.714,0.160,0.014,0.930,0.040,0.008,0.505,0.407,0.915,0.001,25.8,0.037,0.881,0.084,0.024
2019,54,west virginia,South,0.538,0.944,75884,41369,0.160,0.188,0.757,0.243,831,0.211,0.708,0.162,0.015,0.931,0.037,0.008,0.506,0.421,0.911,0.009,25.6,0.039,0.875,0.089,0.024
2020,54,west virginia,South,0.532,0.927,78038,41924,0.163,0.184,0.768,0.232,866,0.200,0.725,0.173,0.016,0.907,0.026,0.009,0.503,0.407,0.865,0.006,23.5,0.089,0.885,0.083,0.020
2021,54,west virginia,South,0.527,0.939,82335,44908,0.171,0.215,0.783,0.217,882,0.199,0.724,0.179,0.018,0.907,0.029,0.008,0.502,0.411,0.859,0.004,22.8,0.102,0.888,0.076,0.025
2022,54,west virginia,South,0.534,0.955,83710,47649,0.179,0.209,0.768,0.232,952,0.206,0.729,0.183,0.020,0.904,0.035,0.007,0.503,0.405,0.865,0.007,24.5,0.091,0.889,0.076,0.025
2018,55,wisconsin,Midwest,0.662,0.970,91646,44990,0.112,0.112,0.709,0.291,988,0.239,0.733,0.220,0.069,0.853,0.064,0.029,0.503,0.413,0.894,0.000,20.8,0.049,0.855,0.112,0.020
2019,55,wisconsin,Midwest,0.661,0.968,96412,46663,0.100,0.103,0.707,0.293,1000,0.239,0.737,0.226,0.071,0.853,0.064,0.031,0.505,0.409,0.887,0.019,21.3,0.049,0.860,0.110,0.019
2020,55,wisconsin,Midwest,0.645,0.961,98794,47535,0.102,0.112,0.739,0.261,1006,0.226,0.742,0.233,0.073,0.810,0.062,0.029,0.500,0.411,0.812,0.011,19.5,0.138,0.873,0.098,0.017
2021,55,wisconsin,Midwest,0.651,0.966,100148,50305,0.111,0.133,0.726,0.274,1066,0.231,0.744,0.237,0.075,0.802,0.062,0.030,0.498,0.409,0.799,0.008,18.5,0.149,0.872,0.097,0.019
2022,55,wisconsin,Midwest,0.655,0.973,106240,53179,0.108,0.131,0.727,0.273,1159,0.229,0.750,0.244,0.076,0.803,0.060,0.030,0.498,0.415,0.817,0.010,19.3,0.132,0.873,0.094,0.019
2018,56,wyoming,West,0.666,0.965,92361,45468,0.115,0.059,0.729,0.271,995,0.250,0.724,0.191,0.100,0.914,0.005,0.012,0.492,0.426,0.851,0.000,15.0,0.064,0.826,0.111,0.047
2019,56,wyoming,West,0.638,0.961,92340,44346,0.100,0.049,0.742,0.258,982,0.251,0.733,0.202,0.102,0.908,0.010,0.008,0.488,0.441,0.890,0.011,18.5,0.060,0.822,0.118,0.048
2020,56,wyoming,West,0.640,0.954,98055,47764,0.097,0.063,0.774,0.226,976,0.252,0.726,0.198,0.106,0.853,0.006,0.008,0.497,0.440,0.851,0.007,17.3,0.090,0.838,0.102,0.046
2021,56,wyoming,West,0.647,0.964,96374,46609,0.113,0.060,0.751,0.249,1051,0.240,0.732,0.205,0.106,0.842,0.012,0.008,0.487,0.438,0.853,0.010,17.1,0.084,0.830,0.108,0.051
2022,56,wyoming,West,0.658,0.964,99757,49538,0.117,0.072,0.769,0.231,1149,0.239,0.728,0.215,0.109,0.844,0.009,0.008,0.486,0.433,0.846,0.011,16.8,0.085,0.837,0.101,0.050
